rid,sid,status,nsid,day_change,sch_arr,sch_dep,dep_slack,end_route,start_route,rt_rev,link_dist
B/12/1,33434,0,31321,0,09:02:00,09:20:00,1080.0,"['KGK', 'SDAH']","['SDAH', 'KGK']",True,0.0
B/12/1,31321,0,34056,0,10:52:00,11:07:00,900.0,"['KLYG', 'KLYM']","['KLYM', 'KLYG']",True,0.0
B/12/1,34056,0,31053,0,13:35:00,14:03:00,1680.0,"['NAI', 'KBGB']","['KBGB', 'NAI']",True,0.0
B/12/1,31053,0,30152,0,16:06:00,16:18:00,720.0,"['KNR', 'NH']","['NH', 'KNR']",True,0.0
B/12/1,30152,0,30135,0,18:09:00,18:18:00,540.0,"['RMRD', 'MJT']","['MJT', 'RMRD']",True,0.0
B/12/1,30135,0,31636,0,20:55:00,21:37:00,2520.0,"['PDX', 'RHA']","['RHA', 'PDX']",True,0.0
B/12/10,33811,0,33824,0,05:02:00,08:08:00,11160.0,"['BNAA', 'BNJ']","['BNJ', 'BNAA']",True,0.0
B/12/10,33824,0,33435,0,10:05:00,10:22:00,1020.0,"['KGK', 'SDAH']","['SDAH', 'KGK']",True,0.0
B/12/10,30312,0,30331,0,17:18:00,17:26:00,480.0,"['RMRD', 'MJT']","['MJT', 'RMRD']",True,0.0
B/12/10,30331,0,33664,0,19:34:00,20:05:00,1860.0,"['ASKR', 'HB']","['HB', 'ASKR']",True,0.0
B/12/10,33664,0,31539,0,21:27:00,21:50:00,1380.0,"['KGK', 'SDAH']","['SDAH', 'KGK']",True,0.0
B/12/11,31516,0,32223,0,08:07:00,08:23:00,960.0,"['KGK', 'SDAH']","['SDAH', 'KGK']",True,0.0
B/12/11,32223,0,32224,0,09:07:00,09:15:00,480.0,"['RCD', 'DKAE']","['DKAE', 'RCD']",True,0.0
B/12/11,32224,0,32229,0,10:00:00,10:15:00,900.0,"['KGK', 'SDAH']","['SDAH', 'KGK']",True,0.0
B/12/11,32229,0,32230,0,11:02:00,11:26:00,1440.0,"['RCD', 'DKAE']","['DKAE', 'RCD']",True,0.0
B/12/11,32230,0,33831,0,12:06:00,12:47:00,2460.0,"['KGK', 'SDAH']","['SDAH', 'KGK']",True,0.0
B/12/11,33831,0,33840,0,14:41:00,15:22:00,2460.0,"['BNAA', 'BNJ']","['BNJ', 'BNAA']",True,0.0
B/12/11,33840,0,31531,0,17:20:00,17:52:00,1920.0,"['KGK', 'SDAH']","['SDAH', 'KGK']",True,0.0
B/12/11,31531,0,31538,0,20:00:00,20:55:00,3300.0,"['BTKB', 'STB']","['STB', 'BTKB']",True,0.0
B/12/12,31811,0,31818,0,05:48:00,07:04:00,4560.0,"['JKL', 'KNJ']","['KNJ', 'JKL']",True,0.0
B/12/12,31818,0,31821,0,09:22:00,09:35:00,780.0,"['KGK', 'SDAH']","['SDAH', 'KGK']",True,0.0
B/12/12,31821,0,31824,0,11:56:00,12:07:00,660.0,"['JKL', 'KNJ']","['KNJ', 'JKL']",True,0.0
B/12/12,31824,0,31329,0,14:25:00,14:40:00,900.0,"['KGK', 'SDAH']","['SDAH', 'KGK']",True,0.0
B/12/12,31329,0,31328,0,16:10:00,16:32:00,1320.0,"['KLYG', 'KLYM']","['KLYM', 'KLYG']",True,0.0
B/12/12,31328,0,31239,0,18:00:00,18:28:00,1680.0,"['KGK', 'SDAH']","['SDAH', 'KGK']",True,0.0
B/12/12,31239,0,31238,0,19:10:00,19:25:00,900.0,"['TGH', 'BP']","['BP', 'TGH']",True,0.0
B/12/12,31238,0,31627,0,20:05:00,20:25:00,1200.0,"['KGK', 'SDAH']","['SDAH', 'KGK']",True,0.0
B/12/12,31627,0,31725,0,22:15:00,22:20:00,300.0,"['PDX', 'RHA']","['RHA', 'KLNP']",False,0.0
B/12/12,31725,0,31726,0,22:50:00,23:25:00,2100.0,"['JKL', 'KNJ']","['KNJ', 'JKL']",True,0.0
B/12/13,31712,0,31711,0,04:47:00,05:00:00,780.0,"['HLR', 'NH']","['NH', 'HLR']",True,0.0
B/12/13,31711,0,31723,0,05:42:00,06:05:00,1380.0,"['PDX', 'RHA']","['RHA', 'KLNP']",False,0.0
B/12/13,31723,0,31722,0,06:38:00,07:54:00,4560.0,"['JKL', 'KNJ']","['KNJ', 'JKL']",True,0.0
B/12/13,31722,0,33717,0,08:28:00,08:34:00,360.0,"['KLNP', 'RHA']","['RHA', 'CPHT']",False,0.0
B/12/13,33717,0,33362,0,09:15:00,09:28:00,780.0,"['STBB', 'BNJ']","['BNJ', 'BNAA']",False,0.0
B/12/13,33362,0,33365,0,10:35:00,11:30:00,3300.0,"['BMG', 'BT']","['BT', 'BMG']",True,0.0
B/12/13,33365,0,33724,0,12:35:00,13:00:00,1500.0,"['BNAA', 'BNJ']","['BNJ', 'STBB']",False,0.0
B/12/13,33724,0,33725,0,13:46:00,14:20:00,2040.0,"['CPHT', 'RHA']","['RHA', 'CPHT']",True,0.0
B/12/13,33725,0,33728,0,15:06:00,15:20:00,840.0,"['STBB', 'BNJ']","['BNJ', 'STBB']",True,0.0
B/12/13,33728,0,33729,0,16:03:00,16:34:00,1860.0,"['CPHT', 'RHA']","['RHA', 'CPHT']",True,0.0
B/12/13,33729,0,33732,0,17:20:00,18:00:00,2400.0,"['STBB', 'BNJ']","['BNJ', 'STBB']",True,0.0
B/12/13,33732,0,33735,0,18:42:00,19:45:00,3780.0,"['CPHT', 'RHA']","['RHA', 'CPHT']",True,0.0
B/12/13,33735,0,33736,0,20:31:00,21:02:00,1860.0,"['STBB', 'BNJ']","['BNJ', 'STBB']",True,0.0
B/12/13,33736,0,33743,0,21:45:00,22:10:00,1500.0,"['CPHT', 'RHA']","['RHA', 'CPHT']",True,0.0
B/12/14,33712,0,33713,0,05:02:00,06:22:00,4800.0,"['CPHT', 'RHA']","['RHA', 'CPHT']",True,0.0
B/12/14,33713,0,33716,0,07:01:00,07:20:00,1140.0,"['STBB', 'BNJ']","['BNJ', 'STBB']",True,0.0
B/12/14,33716,0,31781,0,08:05:00,08:15:00,600.0,"['CPHT', 'RHA']","['RHA', 'KLNP']",False,0.0
B/12/14,31781,0,31782,0,08:42:00,08:58:00,960.0,"['BTKB', 'STB']","['STB', 'BTKB']",True,0.0
B/12/14,31782,0,33719,0,09:22:00,09:27:00,300.0,"['KLNP', 'RHA']","['RHA', 'CPHT']",False,0.0
B/12/14,33719,0,33720,0,10:09:00,10:20:00,660.0,"['STBB', 'BNJ']","['BNJ', 'STBB']",True,0.0
B/12/14,33720,0,33723,0,11:05:00,11:20:00,900.0,"['CPHT', 'RHA']","['RHA', 'CPHT']",True,0.0
B/12/14,33723,0,33722,0,12:05:00,12:20:00,900.0,"['STBB', 'BNJ']","['BNJ', 'STBB']",True,0.0
B/12/14,33722,0,31783,0,13:00:00,13:05:00,300.0,"['CPHT', 'RHA']","['RHA', 'KLNP']",False,0.0
B/12/14,31783,0,31786,0,13:32:00,14:07:00,2100.0,"['BTKB', 'STB']","['STB', 'BTKB']",True,0.0
B/12/14,31786,0,31753,0,14:35:00,15:25:00,3000.0,"['KLNP', 'RHA']","['RHA', 'BNKA']",False,0.0
B/12/14,31753,0,31754,0,16:17:00,18:30:00,7980.0,"['HRSR', 'GEDE']","['GEDE', 'HRSR']",True,0.0
B/12/14,31754,0,31632,0,19:22:00,19:25:00,180.0,"['BNKA', 'RHA']","['RHA', 'PDX']",False,0.0
B/12/14,31632,0,32247,0,21:15:00,21:32:00,1020.0,"['KGK', 'SDAH']","['SDAH', 'KGK']",True,0.0
B/12/14,32247,0,32250,0,22:17:00,22:32:00,900.0,"['RCD', 'DKAE']","['DKAE', 'RCD']",True,0.0
B/12/15,33815,0,30344,0,06:50:00,07:30:00,2400.0,"['BNAA', 'BNJ']","['BNJ', 'BNAA']",True,0.0
B/12/15,30344,0,30351,0,10:08:00,10:20:00,720.0,"['RMRD', 'MJT']","['MJT', 'RMRD']",True,0.0
B/12/15,33319,0,33316,0,19:32:00,19:40:00,480.0,"['TKF', 'HNB']","['HNB', 'TKF']",True,0.0
B/12/16,33432,0,31615,0,06:07:00,06:20:00,780.0,"['KGK', 'SDAH']","['SDAH', 'KGK']",True,0.0
B/12/16,31615,0,31620,0,08:10:00,08:35:00,1500.0,"['PDX', 'RHA']","['RHA', 'PDX']",True,0.0
B/12/16,31620,0,31519,0,10:18:00,10:32:00,840.0,"['KGK', 'SDAH']","['SDAH', 'KGK']",True,0.0
B/12/16,31519,0,31526,0,12:50:00,13:12:00,1320.0,"['BTKB', 'STB']","['STB', 'BTKB']",True,0.0
B/12/16,31526,0,33839,0,15:32:00,15:50:00,1080.0,"['KGK', 'SDAH']","['SDAH', 'KGK']",True,0.0
B/12/16,33839,0,33848,0,17:42:00,18:28:00,2760.0,"['BNAA', 'BNJ']","['BNJ', 'BNAA']",True,0.0
B/12/16,33848,0,32413,0,20:25:00,20:42:00,1020.0,"['KGK', 'SDAH']","['SDAH', 'KGK']",True,0.0
B/12/16,32413,0,32414,0,21:29:00,23:05:00,5760.0,"['RCD', 'DKAE']","['DKAE', 'RCD']",True,0.0
B/12/17,31411,0,34052,0,05:40:00,05:52:00,720.0,"['KNR', 'NH']","['NH', 'KNR']",True,0.0
B/12/17,34052,0,34117,0,07:54:00,08:05:00,660.0,"['NAI', 'KBGB']","['KBGB', 'NAI']",True,0.0
B/12/17,34117,0,34126,0,09:03:00,09:22:00,1140.0,"['PQS', 'SDAH']","['SDAH', 'PQS']",True,0.0
B/12/17,34126,0,34125,0,10:14:00,10:23:00,540.0,"['NAI', 'KBGB']","['KBGB', 'NAI']",True,0.0
B/12/17,34125,0,34832,0,11:15:00,11:42:00,1620.0,"['PQS', 'SDAH']","['SDAH', 'PQS']",True,0.0
B/12/17,34832,0,34839,0,13:21:00,14:00:00,2340.0,"['GURN', 'DH']","['DH', 'GURN']",True,0.0
B/12/17,34839,0,34150,0,16:00:00,16:30:00,1800.0,"['PQS', 'SDAH']","['SDAH', 'PQS']",True,0.0
B/12/17,34150,0,31055,0,17:22:00,17:50:00,1680.0,"['NAI', 'KBGB']","['KBGB', 'NAI']",True,0.0
B/12/17,31055,0,31442,0,19:58:00,20:15:00,1020.0,"['KNR', 'NH']","['NH', 'KNR']",True,0.0
B/12/17,31442,0,33857,0,21:20:00,21:45:00,1500.0,"['KGK', 'SDAH']","['SDAH', 'KGK']",True,0.0
B/12/18,33812,0,33511,0,05:05:00,05:18:00,780.0,"['KGK', 'SDAH']","['SDAH', 'KGK']",True,0.0
B/12/18,33511,0,33518,0,07:30:00,07:42:00,720.0,"['TKF', 'HNB']","['HNB', 'TKF']",True,0.0
B/12/18,33518,0,31151,0,09:52:00,10:15:00,1380.0,"['KGK', 'SDAH']","['SDAH', 'KGK']",True,0.0
B/12/18,31151,0,31152,0,11:42:00,16:05:00,15780.0,"['HYG', 'BDC']","['BDC', 'HYG']",True,0.0
B/12/18,31152,0,31435,0,17:40:00,18:05:00,1500.0,"['KGK', 'SDAH']","['SDAH', 'KGK']",True,0.0
B/12/18,31435,0,31438,0,19:08:00,19:20:00,720.0,"['KNR', 'NH']","['NH', 'KNR']",True,0.0
B/12/18,31438,0,33445,0,20:24:00,21:12:00,2880.0,"['KGK', 'SDAH']","['SDAH', 'KGK']",True,0.0
B/12/18,33445,0,33325,0,21:56:00,22:13:00,1020.0,"['HHR', 'BT']","['BT', 'KZPR']",False,0.0
B/12/19,33312,0,33315,0,06:25:00,07:52:00,5220.0,"['KZPR', 'BT']","['BT', 'KZPR']",True,0.0
B/12/19,33315,0,33314,0,09:12:00,09:26:00,840.0,"['TKF', 'HNB']","['HNB', 'TKF']",True,0.0
B/12/19,33440,0,31835,0,16:57:00,17:36:00,2340.0,"['KGK', 'SDAH']","['SDAH', 'KGK']",True,0.0
B/12/19,31835,0,31724,0,19:49:00,20:44:00,3300.0,"['JKL', 'KNJ']","['KNJ', 'JKL']",True,0.0
B/12/2,31813,0,31802,0,08:00:00,08:40:00,2400.0,"['JKL', 'KNJ']","['KNJ', 'JKL']",True,0.0
B/12/2,31802,0,33655,0,11:00:00,11:20:00,1200.0,"['KGK', 'SDAH']","['SDAH', 'KGK']",True,0.0
B/12/2,33655,0,33656,0,12:37:00,12:47:00,600.0,"['ASKR', 'HB']","['HB', 'ASKR']",True,0.0
B/12/2,33656,0,32411,0,14:03:00,14:12:00,540.0,"['KGK', 'SDAH']","['SDAH', 'KGK']",True,0.0
B/12/2,32411,0,32412,0,14:57:00,15:39:00,2520.0,"['RCD', 'DKAE']","['DKAE', 'RCD']",True,0.0
B/12/2,32412,0,31529,0,16:30:00,16:57:00,1620.0,"['KGK', 'SDAH']","['SDAH', 'KGK']",True,0.0
B/12/2,31529,0,31536,0,19:18:00,19:52:00,2040.0,"['BTKB', 'STB']","['STB', 'BTKB']",True,0.0
B/12/2,31536,0,31445,0,22:05:00,22:22:00,1020.0,"['KGK', 'SDAH']","['SDAH', 'KGK']",True,0.0
B/12/20,31743,0,31916,0,06:16:00,07:07:00,3060.0,"['HRSR', 'GEDE']","['GEDE', 'HRSR']",True,0.0
B/12/20,31916,0,33825,0,09:52:00,10:05:00,780.0,"['KGK', 'SDAH']","['SDAH', 'KGK']",True,0.0
B/12/20,33825,0,33834,0,12:03:00,12:47:00,2640.0,"['BNAA', 'BNJ']","['BNJ', 'BNAA']",True,0.0
B/12/20,33834,0,33837,0,14:50:00,15:10:00,1200.0,"['KGK', 'SDAH']","['SDAH', 'KGK']",True,0.0
B/12/20,33837,0,33846,0,17:07:00,17:30:00,1380.0,"['BNAA', 'BNJ']","['BNJ', 'BNAA']",True,0.0
B/12/20,33846,0,33531,0,19:30:00,19:45:00,900.0,"['KGK', 'SDAH']","['SDAH', 'KGK']",True,0.0
B/12/20,33531,0,33320,0,21:50:00,22:24:00,2040.0,"['TKF', 'HNB']","['HNB', 'TKF']",True,0.0
B/12/21,33311,0,30322,0,05:32:00,05:42:00,600.0,"['TKF', 'HNB']","['HNB', 'TKF']",True,0.0
B/12/21,30322,0,30145,0,08:00:00,08:10:00,600.0,"['BZB', 'BBDB']","['BBDB', 'BZB']",True,0.0
B/12/21,30145,0,33733,0,11:02:00,18:50:00,28080.0,"['BDZ', 'KNJ']","['RHA', 'CPHT']",False,26.040000000000003
B/12/21,33733,0,33364,0,19:32:00,20:05:00,1980.0,"['STBB', 'BNJ']","['BNJ', 'BNAA']",False,0.0
B/12/22,33361,0,33718,0,08:55:00,09:23:00,1680.0,"['BNAA', 'BNJ']","['BNJ', 'STBB']",False,0.0
B/12/22,33718,0,33721,0,10:09:00,10:22:00,780.0,"['CPHT', 'RHA']","['RHA', 'CPHT']",True,0.0
B/12/22,33721,0,33752,0,11:06:00,11:16:00,600.0,"['STBB', 'BNJ']","['BNJ', 'STBB']",True,0.0
B/12/22,33752,0,33751,0,12:30:00,12:36:00,360.0,"['BTKB', 'STB']","['STB', 'BTKB']",True,0.0
B/12/22,33751,0,33726,0,13:45:00,14:15:00,1800.0,"['STBB', 'BNJ']","['BNJ', 'STBB']",True,0.0
B/12/22,33726,0,33727,0,15:01:00,15:25:00,1440.0,"['CPHT', 'RHA']","['RHA', 'CPHT']",True,0.0
B/12/22,33727,0,33730,0,16:10:00,16:30:00,1200.0,"['STBB', 'BNJ']","['BNJ', 'STBB']",True,0.0
B/12/22,33730,0,33731,0,17:12:00,18:05:00,3180.0,"['CPHT', 'RHA']","['RHA', 'CPHT']",True,0.0
B/12/22,33731,0,33734,0,18:50:00,19:42:00,3120.0,"['STBB', 'BNJ']","['BNJ', 'STBB']",True,0.0
B/12/22,33734,0,33737,0,20:23:00,21:10:00,2820.0,"['CPHT', 'RHA']","['RHA', 'CPHT']",True,0.0
B/12/22,33737,0,33742,0,21:51:00,22:05:00,840.0,"['STBB', 'BNJ']","['BNJ', 'STBB']",True,0.0
B/12/22,33742,0,33739,0,22:48:00,23:12:00,1440.0,"['CPHT', 'RHA']","['RHA', 'CPHT']",True,0.0
B/12/23,33818,0,33821,0,07:36:00,08:10:00,2040.0,"['KGK', 'SDAH']","['SDAH', 'KGK']",True,0.0
B/12/23,33821,0,34062,0,10:05:00,10:47:00,2520.0,"['BNAA', 'BNJ']","['BNJ', 'BNAA']",True,0.0
B/12/23,34062,0,33061,0,14:14:00,14:32:00,1080.0,"['MATL', 'CG']","['CG', 'MATL']",True,0.0
B/12/23,33061,0,33317,0,16:44:00,17:10:00,1560.0,"['HHR', 'BT']","['BT', 'KZPR']",False,0.0
B/12/23,33317,0,33536,0,18:30:00,18:53:00,1380.0,"['TKF', 'HNB']","['HNB', 'TKF']",True,0.0
B/12/23,33536,0,33447,0,21:10:00,21:25:00,900.0,"['KGK', 'SDAH']","['SDAH', 'KGK']",True,0.0
B/12/3,31412,0,31313,0,05:10:00,05:30:00,1200.0,"['KGK', 'SDAH']","['SDAH', 'KGK']",True,0.0
B/12/3,31313,0,31316,0,07:00:00,07:10:00,600.0,"['KLYG', 'KLYM']","['KLYM', 'KLYG']",True,0.0
B/12/3,31316,0,33431,0,08:40:00,08:58:00,1080.0,"['KGK', 'SDAH']","['SDAH', 'KGK']",True,0.0
B/12/3,33327,0,33322,0,17:45:00,18:33:00,2880.0,"['TKF', 'HNB']","['HNB', 'TKF']",True,0.0
B/12/4,33313,0,33516,0,06:22:00,06:46:00,1440.0,"['TKF', 'HNB']","['HNB', 'TKF']",True,0.0
B/12/4,33516,0,33681,0,08:55:00,09:10:00,900.0,"['KGK', 'SDAH']","['SDAH', 'KGK']",True,0.0
B/12/4,33681,0,33682,0,10:47:00,11:37:00,3000.0,"['MSL', 'GBG']","['GBG', 'MSL']",True,0.0
B/12/4,33682,0,33659,0,13:20:00,13:32:00,720.0,"['KGK', 'SDAH']","['SDAH', 'KGK']",True,0.0
B/12/4,33659,0,33660,0,14:50:00,14:58:00,480.0,"['ASKR', 'HB']","['HB', 'ASKR']",True,0.0
B/12/4,33660,0,33841,0,16:15:00,16:26:00,660.0,"['KGK', 'SDAH']","['SDAH', 'KGK']",True,0.0
B/12/4,33841,0,33850,0,18:20:00,18:57:00,2220.0,"['BNAA', 'BNJ']","['BNJ', 'BNAA']",True,0.0
B/12/4,33850,0,31929,0,20:53:00,21:30:00,2220.0,"['KGK', 'SDAH']","['SDAH', 'KGK']",True,0.0
B/12/5,31912,0,33653,0,06:25:00,06:42:00,1020.0,"['KGK', 'SDAH']","['SDAH', 'KGK']",True,0.0
B/12/5,33653,0,33654,0,08:00:00,08:55:00,3300.0,"['ASKR', 'HB']","['HB', 'ASKR']",True,0.0
B/12/5,33654,0,32231,0,10:15:00,10:50:00,2100.0,"['KGK', 'SDAH']","['SDAH', 'KGK']",True,0.0
B/12/5,32231,0,32232,0,11:37:00,12:08:00,1860.0,"['RCD', 'DKAE']","['DKAE', 'RCD']",True,0.0
B/12/5,32232,0,31829,0,12:42:00,13:15:00,1980.0,"['KGK', 'SDAH']","['SDAH', 'KGK']",True,0.0
B/12/5,31829,0,31832,0,15:35:00,16:20:00,2700.0,"['JKL', 'KNJ']","['KNJ', 'JKL']",True,0.0
B/12/5,31832,0,33849,0,18:40:00,18:55:00,900.0,"['KGK', 'SDAH']","['SDAH', 'KGK']",True,0.0
B/12/5,33849,0,33366,0,20:52:00,22:10:00,4680.0,"['BNAA', 'BNJ']","['BNJ', 'BNAA']",True,0.0
B/12/6,33612,0,31817,0,06:40:00,06:55:00,900.0,"['KGK', 'SDAH']","['SDAH', 'KGK']",True,0.0
B/12/6,31817,0,31822,0,09:22:00,09:50:00,1680.0,"['JKL', 'KNJ']","['KNJ', 'JKL']",True,0.0
B/12/6,31822,0,31523,0,12:10:00,13:00:00,3000.0,"['KGK', 'SDAH']","['SDAH', 'KGK']",True,0.0
B/12/6,31523,0,31530,0,15:20:00,15:55:00,2100.0,"['BTKB', 'STB']","['STB', 'BTKB']",True,0.0
B/12/6,31530,0,31923,0,18:05:00,18:20:00,900.0,"['KGK', 'SDAH']","['SDAH', 'KGK']",True,0.0
B/12/6,31923,0,31758,0,21:06:00,21:58:00,3120.0,"['HRSR', 'GEDE']","['GEDE', 'HRSR']",True,0.0
B/12/7,31721,0,31816,0,05:11:00,06:07:00,3360.0,"['JKL', 'KNJ']","['KNJ', 'JKL']",True,0.0
B/12/7,31816,0,33823,0,08:27:00,08:42:00,900.0,"['KGK', 'SDAH']","['SDAH', 'KGK']",True,0.0
B/12/7,33823,0,33832,0,10:37:00,11:30:00,3180.0,"['BNAA', 'BNJ']","['BNJ', 'BNAA']",True,0.0
B/12/7,33832,0,33525,0,13:58:00,14:17:00,1140.0,"['KGK', 'SDAH']","['SDAH', 'KGK']",True,0.0
B/12/7,33525,0,33532,0,16:37:00,16:45:00,480.0,"['TKF', 'HNB']","['HNB', 'TKF']",True,0.0
B/12/7,33532,0,31925,0,18:59:00,19:28:00,1740.0,"['KGK', 'SDAH']","['SDAH', 'KGK']",True,0.0
B/12/8,31914,0,31415,0,07:37:00,07:52:00,900.0,"['KGK', 'SDAH']","['SDAH', 'KGK']",True,0.0
B/12/8,31415,0,31420,0,08:55:00,09:10:00,900.0,"['KNR', 'NH']","['NH', 'KNR']",True,0.0
B/12/8,31420,0,33437,0,10:13:00,10:34:00,1260.0,"['KGK', 'SDAH']","['SDAH', 'KGK']",True,0.0
B/12/8,33351,0,33662,0,16:15:00,16:35:00,1200.0,"['ASKR', 'HB']","['HB', 'ASKR']",True,0.0
B/12/8,33662,0,33621,0,17:50:00,18:47:00,3420.0,"['KGK', 'SDAH']","['SDAH', 'KGK']",True,0.0
B/12/8,33621,0,33628,0,19:44:00,20:15:00,1860.0,"['BMG', 'DTK']","['DTK', 'BMG']",True,0.0
B/12/8,33628,0,31629,0,21:15:00,22:08:00,3180.0,"['KGK', 'SDAH']","['SDAH', 'KGK']",True,0.0
B/12/9,31614,0,31617,0,07:50:00,08:00:00,600.0,"['KGK', 'SDAH']","['SDAH', 'KGK']",True,0.0
B/12/9,31617,0,31622,0,09:48:00,10:12:00,1440.0,"['PDX', 'RHA']","['RHA', 'PDX']",True,0.0
B/12/9,31622,0,31325,0,11:58:00,12:30:00,1920.0,"['KGK', 'SDAH']","['SDAH', 'KGK']",True,0.0
B/12/9,31325,0,31324,0,14:03:00,14:16:00,780.0,"['KLYG', 'KLYM']","['KLYM', 'KLYG']",True,0.0
B/12/9,31324,0,31429,0,15:45:00,16:02:00,1020.0,"['KGK', 'SDAH']","['SDAH', 'KGK']",True,0.0
B/12/9,31429,0,31436,0,16:55:00,17:22:00,1620.0,"['KNR', 'NH']","['NH', 'KNR']",True,0.0
B/12/9,31436,0,31837,0,18:25:00,18:42:00,1020.0,"['KGK', 'SDAH']","['SDAH', 'KGK']",True,0.0
B/12/9,31837,0,31844,0,20:59:00,22:17:00,4680.0,"['JKL', 'KNJ']","['KNJ', 'JKL']",True,0.0
B/9/1,33363,0,33830,0,09:40:00,10:28:00,2880.0,"['BNAA', 'BNJ']","['BNJ', 'BNAA']",True,0.0
B/9/1,33830,0,31425,0,12:30:00,13:07:00,2220.0,"['KGK', 'SDAH']","['SDAH', 'KGK']",True,0.0
B/9/1,31425,0,31434,0,14:10:00,14:50:00,2400.0,"['KNR', 'NH']","['NH', 'KNR']",True,0.0
B/9/1,31434,0,31535,0,15:55:00,19:50:00,14100.0,"['KGK', 'SDAH']","['SDAH', 'KGK']",True,0.0
B/9/1,31535,0,31542,0,22:10:00,22:45:00,2100.0,"['BTKB', 'STB']","['STB', 'BTKB']",True,0.0
B/9/10,30142,0,30357,0,08:58:00,09:00:00,120.0,"['RMRD', 'MJT']","['MJT', 'NACC']",False,0.0
B/9/10,30357,0,30358,0,10:25:00,10:35:00,600.0,"['NBE', 'MMG']","['MMG', 'NBE']",True,0.0
B/9/10,30358,0,30333,0,11:47:00,11:48:00,60.0,"['NACC', 'MJT']","['MJT', 'RMRD']",False,0.0
B/9/10,30333,0,30332,0,13:50:00,14:05:00,900.0,"['ASKR', 'HB']","['HB', 'ASKR']",True,0.0
B/9/10,30332,0,30353,0,16:10:00,16:20:00,600.0,"['RMRD', 'MJT']","['MJT', 'NACC']",False,0.0
B/9/10,30353,0,30314,0,17:58:00,18:08:00,600.0,"['BMG', 'DTK']","['DTK', 'BMG']",True,0.0
B/9/10,30314,0,30313,0,19:40:00,20:10:00,1800.0,"['RMRD', 'MJT']","['MJT', 'RMRD']",True,0.0
B/9/2,31319,0,31320,0,10:00:00,10:12:00,720.0,"['KLYG', 'KLYM']","['KLYM', 'KLYG']",True,0.0
B/9/2,31320,0,31827,0,11:35:00,12:05:00,1800.0,"['KGK', 'SDAH']","['SDAH', 'KGK']",True,0.0
B/9/2,31827,0,31830,0,14:26:00,15:20:00,3240.0,"['JKL', 'KNJ']","['KNJ', 'JKL']",True,0.0
B/9/2,31830,0,32243,0,17:37:00,18:06:00,1740.0,"['KGK', 'SDAH']","['SDAH', 'KGK']",True,0.0
B/9/2,32243,0,32246,0,18:50:00,19:15:00,1500.0,"['RCD', 'DKAE']","['DKAE', 'RCD']",True,0.0
B/9/2,32246,0,33685,0,19:58:00,20:23:00,1500.0,"['KGK', 'SDAH']","['SDAH', 'KGK']",True,0.0
B/9/2,33685,0,33382,0,21:57:00,22:15:00,1080.0,"['MSL', 'GBG']","['GBG', 'MSL']",True,0.0
B/9/3,33369,0,33368,0,07:30:00,07:41:00,660.0,"['BNAA', 'BNJ']","['BNJ', 'BNAA']",True,0.0
B/9/3,33368,0,33402,0,08:48:00,09:35:00,2820.0,"['BMG', 'BT']","['BT', 'HHR']",False,0.0
B/9/3,33402,0,33439,0,10:20:00,10:56:00,2160.0,"['KGK', 'SDAH']","['SDAH', 'KGK']",True,0.0
B/9/3,33367,0,33852,0,18:48:00,19:40:00,3120.0,"['BNAA', 'BNJ']","['BNJ', 'BNAA']",True,0.0
B/9/3,33852,0,33533,0,21:37:00,22:15:00,2280.0,"['KGK', 'SDAH']","['SDAH', 'KGK']",True,0.0
B/9/4,33514,0,33819,0,06:55:00,07:10:00,900.0,"['KGK', 'SDAH']","['SDAH', 'KGK']",True,0.0
B/9/4,33819,0,30346,0,09:12:00,09:50:00,2280.0,"['BNAA', 'BNJ']","['BNJ', 'BNAA']",True,0.0
B/9/4,30346,0,30361,0,12:35:00,12:38:00,180.0,"['RMRD', 'MJT']","['MJT', 'NACC']",False,0.0
B/9/4,30361,0,33282,0,15:18:00,16:05:00,2820.0,"['TKF', 'HNB']","['HNB', 'TKF']",True,0.0
B/9/4,33282,0,33231,0,18:05:00,18:17:00,720.0,"['DDC', 'DDJ']","['DDJ', 'BLH']",False,0.0
B/9/4,33231,0,33232,0,18:42:00,18:52:00,600.0,"['TGH', 'BP']","['BP', 'TGH']",True,0.0
B/9/4,33232,0,33271,0,19:17:00,19:25:00,480.0,"['BLH', 'DDJ']","['DDJ', 'DDC']",False,0.0
B/9/4,33271,0,33686,0,20:45:00,21:20:00,2100.0,"['MSL', 'GBG']","['GBG', 'MSL']",True,0.0
B/9/4,33686,0,33863,0,22:54:00,23:40:00,2760.0,"['KGK', 'SDAH']","['SDAH', 'KGK']",True,0.0
B/9/5,33820,0,33517,0,08:05:00,08:20:00,900.0,"['KGK', 'SDAH']","['SDAH', 'KGK']",True,0.0
B/9/5,33517,0,33522,0,10:32:00,11:32:00,3600.0,"['TKF', 'HNB']","['HNB', 'TKF']",True,0.0
B/9/5,33522,0,31919,0,13:40:00,14:05:00,1500.0,"['KGK', 'SDAH']","['SDAH', 'KGK']",True,0.0
B/9/5,31919,0,31752,0,16:48:00,17:38:00,3000.0,"['HRSR', 'GEDE']","['GEDE', 'HRSR']",True,0.0
B/9/5,31752,0,31757,0,18:33:00,19:45:00,4320.0,"['BNKA', 'RHA']","['RHA', 'BNKA']",True,0.0
B/9/5,31757,0,31756,0,20:37:00,20:50:00,780.0,"['HRSR', 'GEDE']","['GEDE', 'HRSR']",True,0.0
B/9/6,31612,0,31413,0,06:05:00,06:38:00,1980.0,"['KGK', 'SDAH']","['SDAH', 'KGK']",True,0.0
B/9/6,31413,0,31416,0,07:40:00,07:52:00,720.0,"['KNR', 'NH']","['NH', 'KNR']",True,0.0
B/9/6,31416,0,33519,0,08:58:00,09:18:00,1200.0,"['KGK', 'SDAH']","['SDAH', 'KGK']",True,0.0
B/9/6,33519,0,33524,0,11:30:00,12:05:00,2100.0,"['TKF', 'HNB']","['HNB', 'TKF']",True,0.0
B/9/6,33524,0,33835,0,14:10:00,14:27:00,1020.0,"['KGK', 'SDAH']","['SDAH', 'KGK']",True,0.0
B/9/6,33835,0,33844,0,16:25:00,16:55:00,1800.0,"['BNAA', 'BNJ']","['BNJ', 'BNAA']",True,0.0
B/9/6,33844,0,32245,0,18:55:00,19:05:00,600.0,"['KGK', 'SDAH']","['SDAH', 'KGK']",True,0.0
B/9/6,32245,0,32248,0,19:50:00,20:32:00,2520.0,"['RCD', 'DKAE']","['DKAE', 'RCD']",True,0.0
B/9/6,32248,0,31341,0,21:20:00,22:05:00,2700.0,"['KGK', 'SDAH']","['SDAH', 'KGK']",True,0.0
B/9/6,31341,0,31192,0,23:28:00,23:46:00,1080.0,"['KLYG', 'KLYM']","['KLYM', 'KLYG']",True,0.0
B/9/7,31191,0,31312,0,04:40:00,05:02:00,1320.0,"['KLYG', 'KLYM']","['KLYM', 'KLYG']",True,0.0
B/9/7,31312,0,32219,0,06:30:00,06:48:00,1080.0,"['KGK', 'SDAH']","['SDAH', 'KGK']",True,0.0
B/9/7,32219,0,32220,0,07:25:00,07:40:00,900.0,"['RCD', 'DKAE']","['DKAE', 'RCD']",True,0.0
B/9/7,32220,0,31517,0,08:30:00,08:50:00,1200.0,"['KGK', 'SDAH']","['SDAH', 'KGK']",True,0.0
B/9/7,31517,0,31524,0,11:08:00,11:30:00,1320.0,"['BTKB', 'STB']","['STB', 'BTKB']",True,0.0
B/9/7,31524,0,33529,0,13:42:00,18:00:00,15480.0,"['KGK', 'SDAH']","['SDAH', 'KGK']",True,0.0
B/9/7,33529,0,33318,0,20:07:00,20:28:00,1260.0,"['TKF', 'HNB']","['HNB', 'TKF']",True,0.0
B/9/8,33357,0,33616,0,07:15:00,07:32:00,1020.0,"['BMG', 'DTK']","['DTK', 'BMG']",True,0.0
B/9/8,33616,0,32225,0,08:32:00,08:48:00,960.0,"['KGK', 'SDAH']","['SDAH', 'KGK']",True,0.0
B/9/8,32225,0,32226,0,09:31:00,09:50:00,1140.0,"['RCD', 'DKAE']","['DKAE', 'RCD']",True,0.0
B/9/8,32226,0,33521,0,10:35:00,11:05:00,1800.0,"['KGK', 'SDAH']","['SDAH', 'KGK']",True,0.0
B/9/8,33521,0,33528,0,13:10:00,13:42:00,1920.0,"['TKF', 'HNB']","['HNB', 'TKF']",True,0.0
B/9/8,33528,0,32239,0,15:55:00,16:05:00,600.0,"['KGK', 'SDAH']","['SDAH', 'KGK']",True,0.0
B/9/8,32239,0,32240,0,16:47:00,17:10:00,1380.0,"['RCD', 'DKAE']","['DKAE', 'RCD']",True,0.0
B/9/8,32240,0,33401,0,17:55:00,18:12:00,1020.0,"['KGK', 'SDAH']","['SDAH', 'KGK']",True,0.0
B/9/8,33401,0,33321,0,18:58:00,19:47:00,2940.0,"['HHR', 'BT']","['BT', 'KZPR']",False,0.0
B/9/8,33321,0,33538,0,21:10:00,21:26:00,960.0,"['TKF', 'HNB']","['HNB', 'TKF']",True,0.0
B/9/9,32213,0,32214,0,05:44:00,05:52:00,480.0,"['RCD', 'DKAE']","['DKAE', 'RCD']",True,0.0
B/9/9,32214,0,31213,0,06:35:00,06:48:00,780.0,"['KGK', 'SDAH']","['SDAH', 'KGK']",True,0.0
B/9/9,31213,0,31214,0,07:24:00,07:40:00,960.0,"['TGH', 'BP']","['BP', 'TGH']",True,0.0
B/9/9,31214,0,33615,0,08:20:00,08:30:00,600.0,"['KGK', 'SDAH']","['SDAH', 'KGK']",True,0.0
B/9/9,33615,0,33620,0,09:30:00,09:43:00,780.0,"['BMG', 'DTK']","['DTK', 'BMG']",True,0.0
B/9/9,31233,0,31232,0,14:21:00,14:42:00,1260.0,"['TGH', 'BP']","['BP', 'TGH']",True,0.0
B/9/9,31232,0,33895,0,15:20:00,15:32:00,720.0,"['KGK', 'SDAH']","['SDAH', 'KGK']",True,0.0
B/9/9,33895,0,33896,0,17:02:00,18:15:00,4380.0,"['GBG', 'TKNR']","['TKNR', 'GBG']",True,0.0
B/9/9,33896,0,31927,0,19:52:00,20:32:00,2400.0,"['KGK', 'SDAH']","['SDAH', 'KGK']",True,0.0
N/9/1,33651,0,33652,0,06:03:00,06:37:00,2040.0,"['ASKR', 'HB']","['HB', 'ASKR']",True,0.0
N/9/1,33652,0,31111,0,07:55:00,08:06:00,660.0,"['KGK', 'SDAH']","['SDAH', 'KGK']",True,0.0
N/9/1,31111,0,31112,0,09:26:00,18:07:00,31260.0,"['HYG', 'BDC']","['BDC', 'HYG']",True,0.0
N/9/1,31112,0,33623,0,19:30:00,19:50:00,1200.0,"['KGK', 'SDAH']","['SDAH', 'KGK']",True,0.0
N/9/1,33623,0,33630,0,20:54:00,21:05:00,660.0,"['BMG', 'DTK']","['DTK', 'BMG']",True,0.0
N/9/1,33630,0,33859,0,22:05:00,22:32:00,1620.0,"['KGK', 'SDAH']","['SDAH', 'KGK']",True,0.0
N/9/10,31812,0,31317,0,06:45:00,07:18:00,1980.0,"['KGK', 'SDAH']","['SDAH', 'KGK']",True,0.0
N/9/10,31317,0,31318,0,08:48:00,09:15:00,1620.0,"['KLYG', 'KLYM']","['KLYM', 'KLYG']",True,0.0
N/9/11,31217,0,31218,0,08:27:00,08:35:00,480.0,"['TGH', 'BP']","['BP', 'TGH']",True,0.0
N/9/11,31218,0,31227,0,09:17:00,09:28:00,660.0,"['KGK', 'SDAH']","['SDAH', 'KGK']",True,0.0
N/9/11,31227,0,31226,0,10:06:00,10:16:00,600.0,"['TGH', 'BP']","['BP', 'TGH']",True,0.0
N/9/11,31226,0,33827,0,10:57:00,11:28:00,1860.0,"['KGK', 'SDAH']","['SDAH', 'KGK']",True,0.0
N/9/11,33827,0,33836,0,13:27:00,14:12:00,2700.0,"['BNAA', 'BNJ']","['BNJ', 'BNAA']",True,0.0
N/9/11,33836,0,33619,0,16:05:00,16:18:00,780.0,"['KGK', 'SDAH']","['SDAH', 'KGK']",True,0.0
N/9/11,33619,0,33624,0,17:16:00,17:35:00,1140.0,"['BMG', 'DTK']","['DTK', 'BMG']",True,0.0
N/9/11,33624,0,31533,0,18:32:00,18:50:00,1080.0,"['KGK', 'SDAH']","['SDAH', 'KGK']",True,0.0
N/9/11,31533,0,31540,0,21:10:00,21:30:00,1200.0,"['BTKB', 'STB']","['STB', 'BTKB']",True,0.0
N/9/12,31471,0,31418,0,08:12:00,08:30:00,1080.0,"['KNR', 'NH']","['NH', 'KNR']",True,0.0
N/9/12,31418,0,32233,0,09:38:00,12:12:00,9240.0,"['KGK', 'SDAH']","['SDAH', 'KGK']",True,0.0
N/9/12,32233,0,32234,0,12:57:00,13:10:00,780.0,"['RCD', 'DKAE']","['DKAE', 'RCD']",True,0.0
N/9/12,32234,0,31525,0,14:05:00,14:20:00,900.0,"['KGK', 'SDAH']","['SDAH', 'KGK']",True,0.0
N/9/12,31525,0,31532,0,16:38:00,17:10:00,1920.0,"['BTKB', 'STB']","['STB', 'BTKB']",True,0.0
N/9/12,31532,0,31339,0,19:25:00,20:05:00,2400.0,"['KGK', 'SDAH']","['SDAH', 'KGK']",True,0.0
N/9/12,31339,0,31338,0,21:40:00,22:12:00,1920.0,"['KLYG', 'KLYM']","['KLYM', 'KLYG']",True,0.0
N/9/13,32215,0,32216,0,06:25:00,06:35:00,600.0,"['RCD', 'DKAE']","['DKAE', 'RCD']",True,0.0
N/9/13,32216,0,31913,0,07:18:00,07:40:00,1320.0,"['KGK', 'SDAH']","['SDAH', 'KGK']",True,0.0
N/9/13,31913,0,31920,0,10:25:00,10:40:00,900.0,"['HRSR', 'GEDE']","['GEDE', 'HRSR']",True,0.0
N/9/13,31433,0,34054,0,18:27:00,18:38:00,660.0,"['KNR', 'NH']","['NH', 'KNR']",True,0.0
N/9/13,34054,0,34157,0,20:42:00,20:55:00,780.0,"['NAI', 'KBGB']","['KBGB', 'NAI']",True,0.0
N/9/13,34157,0,34164,0,21:49:00,22:02:00,780.0,"['PQS', 'SDAH']","['SDAH', 'PQS']",True,0.0
N/9/13,34164,0,34163,0,22:56:00,23:05:00,540.0,"['NAI', 'KBGB']","['KBGB', 'NAI']",True,0.0
N/9/14,34118,0,31051,0,07:02:00,07:12:00,600.0,"['NAI', 'KBGB']","['KBGB', 'NAI']",True,0.0
N/9/14,31051,0,31422,0,09:17:00,09:27:00,600.0,"['KNR', 'NH']","['NH', 'KNR']",True,0.0
N/9/14,31431,0,30154,0,17:33:00,17:52:00,1140.0,"['KNR', 'NH']","['NH', 'KNR']",True,0.0
N/9/14,30154,0,30123,0,19:27:00,19:43:00,960.0,"['NACC', 'MJT']","['MJT', 'RMRD']",False,0.0
N/9/14,30123,0,31446,0,21:22:00,21:38:00,960.0,"['KNR', 'NH']","['NH', 'KNR']",True,0.0
N/9/15,33515,0,33520,0,09:55:00,10:47:00,3120.0,"['TKF', 'HNB']","['HNB', 'TKF']",True,0.0
N/9/15,33520,0,32235,0,13:00:00,13:25:00,1500.0,"['KGK', 'SDAH']","['SDAH', 'KGK']",True,0.0
N/9/15,32235,0,32236,0,14:07:00,14:22:00,900.0,"['RCD', 'DKAE']","['DKAE', 'RCD']",True,0.0
N/9/15,32236,0,32237,0,15:05:00,15:26:00,1260.0,"['KGK', 'SDAH']","['SDAH', 'KGK']",True,0.0
N/9/15,32237,0,32238,0,16:12:00,16:25:00,780.0,"['RCD', 'DKAE']","['DKAE', 'RCD']",True,0.0
N/9/15,32238,0,33845,0,17:07:00,17:45:00,2280.0,"['KGK', 'SDAH']","['SDAH', 'KGK']",True,0.0
N/9/16,30342,0,30712,0,09:17:00,09:40:00,1380.0,"['RMRD', 'MJT']","['MJT', 'NACC']",False,0.0
N/9/16,30712,0,34924,0,11:44:00,12:05:00,1260.0,"['MDBP', 'LKPR']","['LKPR', 'URP']",False,0.0
N/9/16,34924,0,34923,0,13:05:00,13:32:00,1620.0,"['UKLR', 'NMKA']","['NMKA', 'UKLR']",True,0.0
N/9/16,34923,0,30711,0,14:32:00,14:34:00,120.0,"['URP', 'LKPR']","['LKPR', 'MDBP']",False,0.0
N/9/16,30711,0,30317,0,16:30:00,16:33:00,180.0,"['NACC', 'MJT']","['MJT', 'RMRD']",False,0.0
N/9/16,30317,0,33626,0,18:22:00,18:45:00,1380.0,"['BMG', 'DTK']","['DTK', 'BMG']",True,0.0
N/9/16,33626,0,33853,0,19:45:00,20:12:00,1620.0,"['KGK', 'SDAH']","['SDAH', 'KGK']",True,0.0
N/9/17,33802,0,33433,0,09:15:00,09:40:00,1500.0,"['KGK', 'SDAH']","['SDAH', 'KGK']",True,0.0
N/9/17,33433,0,33436,0,10:26:00,10:40:00,840.0,"['HHR', 'BT']","['BT', 'HHR']",True,0.0
N/9/17,33436,0,33657,0,11:27:00,11:57:00,1800.0,"['KGK', 'SDAH']","['SDAH', 'KGK']",True,0.0
N/9/17,33657,0,33658,0,13:18:00,13:40:00,1320.0,"['ASKR', 'HB']","['HB', 'ASKR']",True,0.0
N/9/17,33658,0,31831,0,15:00:00,15:25:00,1500.0,"['KGK', 'SDAH']","['SDAH', 'KGK']",True,0.0
N/9/17,31831,0,31834,0,17:50:00,18:32:00,2520.0,"['JKL', 'KNJ']","['KNJ', 'JKL']",True,0.0
N/9/17,31834,0,31443,0,20:58:00,21:20:00,1320.0,"['KGK', 'SDAH']","['SDAH', 'KGK']",True,0.0
N/9/17,31443,0,31450,0,22:25:00,23:15:00,3000.0,"['KNR', 'NH']","['NH', 'KNR']",True,0.0
N/9/18,31911,0,31744,0,07:05:00,07:32:00,1620.0,"['HRSR', 'GEDE']","['GEDE', 'HRSR']",True,0.0
N/9/18,31744,0,31747,0,08:24:00,08:45:00,1260.0,"['BNKA', 'RHA']","['RHA', 'BNKA']",True,0.0
N/9/18,31747,0,31746,0,09:37:00,09:47:00,600.0,"['HRSR', 'GEDE']","['GEDE', 'HRSR']",True,0.0
N/9/18,31746,0,31749,0,10:42:00,10:50:00,480.0,"['BNKA', 'RHA']","['RHA', 'BNKA']",True,0.0
N/9/18,31749,0,31748,0,11:45:00,11:55:00,600.0,"['HRSR', 'GEDE']","['GEDE', 'HRSR']",True,0.0
N/9/18,31748,0,31624,0,12:48:00,12:50:00,120.0,"['BNKA', 'RHA']","['RHA', 'PDX']",False,0.0
N/9/18,31624,0,31333,0,14:36:00,16:50:00,8040.0,"['KGK', 'SDAH']","['SDAH', 'KGK']",True,0.0
N/9/18,31333,0,31332,0,18:20:00,19:07:00,2820.0,"['KLYG', 'KLYM']","['KLYM', 'KLYG']",True,0.0
N/9/19,31219,0,31220,0,08:38:00,08:48:00,600.0,"['TGH', 'BP']","['BP', 'TGH']",True,0.0
N/9/19,31220,0,32227,0,09:33:00,09:50:00,1020.0,"['KGK', 'SDAH']","['SDAH', 'KGK']",True,0.0
N/9/19,32227,0,32228,0,10:34:00,10:58:00,1440.0,"['RCD', 'DKAE']","['DKAE', 'RCD']",True,0.0
N/9/19,31623,0,31628,0,16:45:00,17:25:00,2400.0,"['PDX', 'RHA']","['RHA', 'PDX']",True,0.0
N/9/19,31628,0,31841,0,19:10:00,19:35:00,1500.0,"['KGK', 'SDAH']","['SDAH', 'KGK']",True,0.0
N/9/2,33814,0,31315,0,06:17:00,06:30:00,780.0,"['KGK', 'SDAH']","['SDAH', 'KGK']",True,0.0
N/9/2,31315,0,30128,0,07:58:00,08:14:00,960.0,"['KLYG', 'KLYM']","['KLYM', 'KLYG']",True,0.0
N/9/2,30128,0,30121,0,10:45:00,10:53:00,480.0,"['RMRD', 'MJT']","['MJT', 'RMRD']",True,0.0
N/9/2,30121,0,31430,0,12:56:00,13:20:00,1440.0,"['KNR', 'NH']","['NH', 'KNR']",True,0.0
N/9/2,31430,0,33527,0,14:25:00,14:52:00,1620.0,"['KGK', 'SDAH']","['SDAH', 'KGK']",True,0.0
N/9/2,33527,0,33534,0,17:11:00,18:02:00,3060.0,"['TKF', 'HNB']","['HNB', 'TKF']",True,0.0
N/9/2,33534,0,33443,0,19:57:00,20:38:00,2460.0,"['KGK', 'SDAH']","['SDAH', 'KGK']",True,0.0
N/9/2,33443,0,33323,0,21:24:00,21:30:00,360.0,"['HHR', 'BT']","['BT', 'KZPR']",False,0.0
N/9/20,31814,0,31215,0,07:12:00,07:33:00,1260.0,"['KGK', 'SDAH']","['SDAH', 'KGK']",True,0.0
N/9/20,31215,0,31216,0,08:08:00,08:22:00,840.0,"['TGH', 'BP']","['BP', 'TGH']",True,0.0
N/9/20,31216,0,33411,0,09:05:00,09:28:00,1380.0,"['KGK', 'SDAH']","['SDAH', 'KGK']",True,0.0
N/9/20,33411,0,33412,0,09:54:00,10:03:00,540.0,"['DDJ', 'DDC']","['DDC', 'DDJ']",True,0.0
N/9/20,31335,0,31334,0,19:46:00,20:02:00,960.0,"['KLYG', 'KLYM']","['KLYM', 'KLYG']",True,0.0
N/9/21,31311,0,31314,0,05:43:00,06:02:00,1140.0,"['KLYG', 'KLYM']","['KLYM', 'KLYG']",True,0.0
N/9/21,31314,0,32221,0,07:30:00,07:46:00,960.0,"['KGK', 'SDAH']","['SDAH', 'KGK']",True,0.0
N/9/21,32221,0,32222,0,08:30:00,08:44:00,840.0,"['RCD', 'DKAE']","['DKAE', 'RCD']",True,0.0
N/9/21,31261,0,31236,0,18:15:00,18:30:00,900.0,"['TGH', 'BP']","['BP', 'TGH']",True,0.0
N/9/21,31236,0,31439,0,19:10:00,19:42:00,1920.0,"['KGK', 'SDAH']","['SDAH', 'KGK']",True,0.0
N/9/21,31439,0,31444,0,20:45:00,21:08:00,1380.0,"['KNR', 'NH']","['NH', 'KNR']",True,0.0
N/9/21,31444,0,31541,0,22:13:00,22:40:00,1620.0,"['KGK', 'SDAH']","['SDAH', 'KGK']",True,0.0
N/9/22,31514,0,33613,0,07:05:00,07:25:00,1200.0,"['KGK', 'SDAH']","['SDAH', 'KGK']",True,0.0
N/9/22,33613,0,33618,0,08:25:00,08:45:00,1200.0,"['BMG', 'DTK']","['DTK', 'BMG']",True,0.0
N/9/23,31223,0,30116,0,09:18:00,09:34:00,960.0,"['TGH', 'BP']","['BP', 'TGH']",True,0.0
N/9/23,30116,0,30113,0,10:30:00,10:38:00,480.0,"['BZB', 'BBDB']","['BBDB', 'BZB']",True,0.0
N/9/23,30113,0,31242,0,11:37:00,12:10:00,1980.0,"['TGH', 'BP']","['BP', 'TGH']",True,0.0
N/9/3,33512,0,31513,0,05:30:00,06:00:00,1800.0,"['KGK', 'SDAH']","['SDAH', 'KGK']",True,0.0
N/9/3,31513,0,31520,0,08:10:00,08:37:00,1620.0,"['BTKB', 'STB']","['STB', 'BTKB']",True,0.0
N/9/3,31520,0,31427,0,10:52:00,13:52:00,10800.0,"['KGK', 'SDAH']","['SDAH', 'KGK']",True,0.0
N/9/3,31427,0,30122,0,14:55:00,15:15:00,1200.0,"['KNR', 'NH']","['NH', 'KNR']",True,0.0
N/9/3,30122,0,30111,0,17:28:00,18:14:00,2760.0,"['LKF', 'BLN']","['BLN', 'LKF']",True,0.0
N/9/3,30111,0,31240,0,20:18:00,20:27:00,540.0,"['TGH', 'BP']","['BP', 'TGH']",True,0.0
N/9/4,31613,0,3140,0,07:09:00,07:30:00,1260.0,"['PDX', 'RHA']","['RHA', 'PDX']",True,0.0
N/9/4,3140,0,31229,0,09:12:00,09:40:00,1680.0,"['KGK', 'SDAH']","['SDAH', 'KGK']",True,0.0
N/9/4,31229,0,31228,0,10:18:00,10:30:00,720.0,"['TGH', 'BP']","['BP', 'TGH']",True,0.0
N/9/4,31228,0,31521,0,11:12:00,11:35:00,1380.0,"['KGK', 'SDAH']","['SDAH', 'KGK']",True,0.0
N/9/4,31521,0,31528,0,13:58:00,14:27:00,1740.0,"['BTKB', 'STB']","['STB', 'BTKB']",True,0.0
N/9/4,31528,0,31801,0,16:40:00,17:05:00,1500.0,"['KGK', 'SDAH']","['SDAH', 'KGK']",True,0.0
N/9/4,31801,0,31838,0,19:29:00,20:00:00,1860.0,"['JKL', 'KNJ']","['KNJ', 'JKL']",True,0.0
N/9/5,31815,0,31820,0,08:34:00,09:00:00,1560.0,"['JKL', 'KNJ']","['KNJ', 'JKL']",True,0.0
N/9/5,31833,0,31836,0,18:35:00,19:24:00,2940.0,"['JKL', 'KNJ']","['KNJ', 'JKL']",True,0.0
N/9/5,31836,0,32249,0,21:43:00,22:22:00,2340.0,"['KGK', 'SDAH']","['SDAH', 'KGK']",True,0.0
N/9/5,32249,0,32252,0,23:07:00,23:45:00,2280.0,"['RCD', 'DKAE']","['DKAE', 'RCD']",True,0.0
N/9/6,33421,0,33422,0,08:12:00,08:52:00,2400.0,"['NBE', 'MMG']","['MMG', 'NBE']",True,0.0
N/9/6,33801,0,33858,0,19:28:00,21:35:00,7620.0,"['BNAA', 'BNJ']","['BNJ', 'BNAA']",True,0.0
N/9/7,32211,0,32212,0,04:50:00,05:00:00,600.0,"['RCD', 'DKAE']","['DKAE', 'RCD']",True,0.0
N/9/7,32212,0,32217,0,05:45:00,06:05:00,1200.0,"['KGK', 'SDAH']","['SDAH', 'KGK']",True,0.0
N/9/7,32217,0,32218,0,06:50:00,07:02:00,720.0,"['RCD', 'DKAE']","['DKAE', 'RCD']",True,0.0
N/9/7,32218,0,31221,0,07:46:00,08:13:00,1620.0,"['KGK', 'SDAH']","['SDAH', 'KGK']",True,0.0
N/9/7,31221,0,31222,0,08:52:00,09:02:00,600.0,"['TGH', 'BP']","['BP', 'TGH']",True,0.0
N/9/7,31222,0,33617,0,09:45:00,09:57:00,720.0,"['KGK', 'SDAH']","['SDAH', 'KGK']",True,0.0
N/9/7,33617,0,33622,0,10:58:00,11:10:00,720.0,"['BMG', 'DTK']","['DTK', 'BMG']",True,0.0
N/9/7,32241,0,32242,0,18:02:00,18:10:00,480.0,"['RCD', 'DKAE']","['DKAE', 'RCD']",True,0.0
N/9/7,32242,0,31337,0,18:53:00,19:10:00,1020.0,"['KGK', 'SDAH']","['SDAH', 'KGK']",True,0.0
N/9/7,31337,0,31336,0,20:34:00,21:14:00,2400.0,"['KLYG', 'KLYM']","['KLYM', 'KLYG']",True,0.0
N/9/7,31336,0,31447,0,22:45:00,23:15:00,1800.0,"['KGK', 'SDAH']","['SDAH', 'KGK']",True,0.0
N/9/8,37521,0,37524,0,05:00:00,05:32:00,1920.0,"['HYG', 'BDC']","['BDC', 'HYG']",True,0.0
N/9/8,37524,0,37523,0,05:50:00,06:18:00,1680.0,"['NHLC', 'NH']","['NH', 'NHLC']",True,0.0
N/9/8,37523,0,37526,0,06:37:00,06:45:00,480.0,"['HYG', 'BDC']","['BDC', 'HYG']",True,0.0
N/9/8,37526,0,37525,0,07:04:00,07:30:00,1560.0,"['NHLC', 'NH']","['NH', 'NHLC']",True,0.0
N/9/8,37525,0,37530,0,07:50:00,08:02:00,720.0,"['HYG', 'BDC']","['BDC', 'HYG']",True,0.0
N/9/8,37530,0,37529,0,08:22:00,08:33:00,660.0,"['NHLC', 'NH']","['NH', 'NHLC']",True,0.0
N/9/8,37529,0,37532,0,08:52:00,09:12:00,1200.0,"['HYG', 'BDC']","['BDC', 'HYG']",True,0.0
N/9/8,37532,0,37531,0,09:32:00,09:42:00,600.0,"['NHLC', 'NH']","['NH', 'NHLC']",True,0.0
N/9/8,37531,0,37534,0,10:02:00,10:15:00,780.0,"['HYG', 'BDC']","['BDC', 'HYG']",True,0.0
N/9/8,37534,0,37533,0,10:35:00,10:45:00,600.0,"['NHLC', 'NH']","['NH', 'NHLC']",True,0.0
N/9/8,37533,0,37536,0,11:05:00,11:42:00,2220.0,"['HYG', 'BDC']","['BDC', 'HYG']",True,0.0
N/9/8,37536,0,37535,0,12:02:00,12:10:00,480.0,"['NHLC', 'NH']","['NH', 'NHLC']",True,0.0
N/9/8,37535,0,37538,0,12:30:00,12:52:00,1320.0,"['HYG', 'BDC']","['BDC', 'HYG']",True,0.0
N/9/8,37538,0,37537,0,13:15:00,13:30:00,900.0,"['NHLC', 'NH']","['NH', 'NHLC']",True,0.0
N/9/8,37537,0,37540,0,13:50:00,14:39:00,2940.0,"['HYG', 'BDC']","['BDC', 'HYG']",True,0.0
N/9/8,37540,0,37539,0,14:58:00,15:08:00,600.0,"['NHLC', 'NH']","['NH', 'NHLC']",True,0.0
N/9/8,37539,0,37544,0,15:28:00,15:41:00,780.0,"['HYG', 'BDC']","['BDC', 'HYG']",True,0.0
N/9/8,37544,0,37543,0,16:00:00,16:08:00,480.0,"['NHLC', 'NH']","['NH', 'NHLC']",True,0.0
N/9/8,37543,0,37546,0,16:28:00,16:50:00,1320.0,"['HYG', 'BDC']","['BDC', 'HYG']",True,0.0
N/9/8,37546,0,37545,0,17:10:00,17:18:00,480.0,"['NHLC', 'NH']","['NH', 'NHLC']",True,0.0
N/9/8,37545,0,37548,0,17:37:00,17:45:00,480.0,"['HYG', 'BDC']","['BDC', 'HYG']",True,0.0
N/9/8,37548,0,37547,0,18:07:00,18:32:00,1500.0,"['NHLC', 'NH']","['NH', 'NHLC']",True,0.0
N/9/8,37547,0,37552,0,18:52:00,19:25:00,1980.0,"['HYG', 'BDC']","['BDC', 'HYG']",True,0.0
N/9/8,37552,0,37551,0,19:44:00,19:55:00,660.0,"['NHLC', 'NH']","['NH', 'NHLC']",True,0.0
N/9/8,37551,0,37554,0,20:15:00,20:35:00,1200.0,"['HYG', 'BDC']","['BDC', 'HYG']",True,0.0
N/9/8,37554,0,37553,0,20:57:00,21:15:00,1080.0,"['NHLC', 'NH']","['NH', 'NHLC']",True,0.0
N/9/8,37553,0,37556,0,21:33:00,21:45:00,720.0,"['HYG', 'BDC']","['BDC', 'HYG']",True,0.0
N/9/8,37556,0,37555,0,22:05:00,22:17:00,720.0,"['NHLC', 'NH']","['NH', 'NHLC']",True,0.0
N/9/8,37555,0,37558,0,22:35:00,23:26:00,3060.0,"['HYG', 'BDC']","['BDC', 'HYG']",True,0.0
N/9/8,37558,0,37557,0,23:45:00,23:58:00,780.0,"['NHLC', 'NH']","['NH', 'NHLC']",True,0.0
N/9/9,37522,0,31414,0,04:30:00,04:50:00,1200.0,"['NHLC', 'NH']","['NH', 'KNR']",False,0.0
N/9/9,31414,0,33513,0,05:55:00,06:12:00,1020.0,"['KGK', 'SDAH']","['SDAH', 'KGK']",True,0.0
N/9/9,33513,0,30324,0,08:18:00,08:35:00,1020.0,"['TKF', 'HNB']","['HNB', 'TKF']",True,0.0
N/9/9,30324,0,30311,0,11:38:00,12:58:00,4800.0,"['RMRD', 'MJT']","['MJT', 'RMRD']",True,0.0
N/9/9,30311,0,33438,0,14:25:00,14:40:00,900.0,"['HHR', 'BT']","['BT', 'HHR']",True,0.0
N/9/9,33438,0,31527,0,15:25:00,15:48:00,1380.0,"['KGK', 'SDAH']","['SDAH', 'KGK']",True,0.0
N/9/9,31527,0,31534,0,18:05:00,18:28:00,1380.0,"['BTKB', 'STB']","['STB', 'BTKB']",True,0.0
N/9/9,31534,0,31843,0,20:45:00,21:00:00,900.0,"['KGK', 'SDAH']","['SDAH', 'KGK']",True,0.0
R/12/1,33741,0,33714,0,06:00:00,06:12:00,720.0,"['STBB', 'BNJ']","['BNJ', 'STBB']",True,0.0
R/12/1,33714,0,33715,0,06:55:00,07:22:00,1620.0,"['CPHT', 'RHA']","['RHA', 'CPHT']",True,0.0
R/12/1,33715,0,33828,0,08:10:00,09:05:00,3300.0,"['STBB', 'BNJ']","['BNJ', 'BNAA']",False,0.0
R/12/1,33828,0,31323,0,11:05:00,11:22:00,1020.0,"['KGK', 'SDAH']","['SDAH', 'KGK']",True,0.0
R/12/1,31323,0,31322,0,12:52:00,13:18:00,1560.0,"['KLYG', 'KLYM']","['KLYM', 'KLYG']",True,0.0
R/12/1,31322,0,31331,0,15:04:00,15:35:00,1860.0,"['KGK', 'SDAH']","['SDAH', 'KGK']",True,0.0
R/12/1,31331,0,31330,0,17:06:00,17:32:00,1560.0,"['KLYG', 'KLYM']","['KLYM', 'KLYG']",True,0.0
R/12/1,31330,0,33851,0,19:05:00,19:22:00,1020.0,"['KGK', 'SDAH']","['SDAH', 'KGK']",True,0.0
R/12/1,33851,0,33860,0,21:24:00,22:40:00,4560.0,"['BNAA', 'BNJ']","['BNJ', 'BNAA']",True,0.0
R/12/10,31741,0,31742,0,05:35:00,06:05:00,1800.0,"['HRSR', 'GEDE']","['GEDE', 'HRSR']",True,0.0
R/12/10,31742,0,31745,0,06:55:00,07:30:00,2100.0,"['BNKA', 'RHA']","['RHA', 'BNKA']",True,0.0
R/12/10,31745,0,31918,0,08:22:00,08:48:00,1560.0,"['HRSR', 'GEDE']","['GEDE', 'HRSR']",True,0.0
R/12/10,31918,0,31621,0,11:27:00,11:45:00,1080.0,"['KGK', 'SDAH']","['SDAH', 'KGK']",True,0.0
R/12/10,31621,0,31751,0,13:37:00,13:40:00,180.0,"['PDX', 'RHA']","['RHA', 'BNKA']",False,0.0
R/12/10,31751,0,31924,0,14:32:00,15:35:00,3780.0,"['HRSR', 'GEDE']","['GEDE', 'HRSR']",True,0.0
R/12/10,31924,0,31437,0,18:12:00,18:35:00,1380.0,"['KGK', 'SDAH']","['SDAH', 'KGK']",True,0.0
R/12/10,31437,0,31440,0,19:39:00,19:47:00,480.0,"['KNR', 'NH']","['NH', 'KNR']",True,0.0
R/12/10,31440,0,33855,0,20:48:00,21:02:00,840.0,"['KGK', 'SDAH']","['SDAH', 'KGK']",True,0.0
R/12/10,33855,0,33738,0,22:57:00,23:09:00,720.0,"['BNAA', 'BNJ']","['BNJ', 'STBB']",False,0.0
R/12/11,31585,0,31586,0,08:38:00,09:25:00,2820.0,"['DTG', 'KNJ']","['KNJ', 'DTG']",True,0.0
R/12/11,31586,0,31522,0,10:02:00,10:05:00,180.0,"['DTG', 'STB']","['STB', 'BTKB']",False,0.0
R/12/11,31522,0,31917,0,12:22:00,12:45:00,1380.0,"['KGK', 'SDAH']","['SDAH', 'KGK']",True,0.0
R/12/11,31917,0,31750,0,15:40:00,16:30:00,3000.0,"['HRSR', 'GEDE']","['GEDE', 'HRSR']",True,0.0
R/12/11,31750,0,31755,0,17:20:00,18:25:00,3900.0,"['BNKA', 'RHA']","['RHA', 'BNKA']",True,0.0
R/12/11,31755,0,31926,0,19:22:00,19:54:00,1920.0,"['HRSR', 'GEDE']","['GEDE', 'HRSR']",True,0.0
R/12/11,31926,0,31631,0,22:35:00,22:50:00,900.0,"['KGK', 'SDAH']","['SDAH', 'KGK']",True,0.0
R/12/12,33711,0,33816,0,05:03:00,05:15:00,720.0,"['STBB', 'BNJ']","['BNJ', 'BNAA']",False,0.0
R/12/12,33816,0,31515,0,07:05:00,07:25:00,1200.0,"['KGK', 'SDAH']","['SDAH', 'KGK']",True,0.0
R/12/12,31515,0,31784,0,09:42:00,10:46:00,3840.0,"['BTKB', 'STB']","['STB', 'BTKB']",True,0.0
R/12/12,31784,0,31634,0,11:12:00,20:08:00,32160.0,"['KLNP', 'RHA']","['RHA', 'PDX']",False,0.0
R/12/13,31602,0,31231,0,09:28:00,10:05:00,2220.0,"['KGK', 'SDAH']","['SDAH', 'KGK']",True,0.0
R/12/13,31231,0,31230,0,10:45:00,11:00:00,900.0,"['TGH', 'BP']","['BP', 'TGH']",True,0.0
R/12/13,31230,0,31423,0,11:42:00,12:20:00,2280.0,"['KGK', 'SDAH']","['SDAH', 'KGK']",True,0.0
R/12/13,31423,0,31432,0,13:24:00,13:40:00,960.0,"['KNR', 'NH']","['NH', 'KNR']",True,0.0
R/12/13,31432,0,31601,0,14:42:00,17:54:00,11520.0,"['KGK', 'SDAH']","['SDAH', 'KGK']",True,0.0
R/12/2,33813,0,33822,0,06:08:00,06:50:00,2520.0,"['BNAA', 'BNJ']","['BNJ', 'BNAA']",True,0.0
R/12/2,33822,0,31225,0,08:48:00,09:10:00,1320.0,"['KGK', 'SDAH']","['SDAH', 'KGK']",True,0.0
R/12/2,31225,0,31224,0,09:45:00,09:57:00,720.0,"['TGH', 'BP']","['BP', 'TGH']",True,0.0
R/12/2,31224,0,31825,0,10:38:00,10:52:00,840.0,"['KGK', 'SDAH']","['SDAH', 'KGK']",True,0.0
R/12/2,31825,0,31828,0,13:15:00,14:15:00,3600.0,"['JKL', 'KNJ']","['KNJ', 'JKL']",True,0.0
R/12/2,31828,0,31625,0,16:15:00,16:25:00,600.0,"['KGK', 'SDAH']","['SDAH', 'KGK']",True,0.0
R/12/2,31625,0,31630,0,18:12:00,18:42:00,1800.0,"['PDX', 'RHA']","['RHA', 'PDX']",True,0.0
R/12/2,31630,0,31537,0,20:30:00,20:45:00,900.0,"['KGK', 'SDAH']","['SDAH', 'KGK']",True,0.0
R/12/3,31512,0,33817,0,05:40:00,05:56:00,960.0,"['KGK', 'SDAH']","['SDAH', 'KGK']",True,0.0
R/12/3,33817,0,33826,0,07:45:00,08:32:00,2820.0,"['BNAA', 'BNJ']","['BNJ', 'BNAA']",True,0.0
R/12/3,33826,0,31419,0,10:30:00,10:45:00,900.0,"['KGK', 'SDAH']","['SDAH', 'KGK']",True,0.0
R/12/3,31419,0,31426,0,11:46:00,12:00:00,840.0,"['KNR', 'NH']","['NH', 'KNR']",True,0.0
R/12/3,31426,0,33833,0,13:05:00,13:55:00,3000.0,"['KGK', 'SDAH']","['SDAH', 'KGK']",True,0.0
R/12/3,33833,0,33842,0,15:48:00,16:15:00,1620.0,"['BNAA', 'BNJ']","['BNJ', 'BNAA']",True,0.0
R/12/3,33842,0,33847,0,18:12:00,18:38:00,1560.0,"['KGK', 'SDAH']","['SDAH', 'KGK']",True,0.0
R/12/3,33847,0,33856,0,20:35:00,21:15:00,2400.0,"['BNAA', 'BNJ']","['BNJ', 'BNAA']",True,0.0
R/12/4,31819,0,31861,0,10:10:00,10:40:00,1800.0,"['JKL', 'KNJ']","['KNJ', 'BPD']",False,0.0
R/12/4,31861,0,31864,0,13:10:00,17:15:00,14700.0,"['KRP', 'LGL']","['LGL', 'KRP']",True,0.0
R/12/4,31864,0,31840,0,19:50:00,20:25:00,2100.0,"['BPD', 'KNJ']","['KNJ', 'JKL']",False,0.0
R/12/5,31511,0,31518,0,06:55:00,07:28:00,1980.0,"['BTKB', 'STB']","['STB', 'BTKB']",True,0.0
R/12/5,31518,0,31915,0,09:40:00,09:58:00,1080.0,"['KGK', 'SDAH']","['SDAH', 'KGK']",True,0.0
R/12/5,31915,0,31922,0,12:45:00,14:02:00,4620.0,"['HRSR', 'GEDE']","['GEDE', 'HRSR']",True,0.0
R/12/5,31922,0,31921,0,16:58:00,17:15:00,1020.0,"['KGK', 'SDAH']","['SDAH', 'KGK']",True,0.0
R/12/5,31921,0,31928,0,19:58:00,21:25:00,5220.0,"['HRSR', 'GEDE']","['GEDE', 'HRSR']",True,0.0
R/12/6,31611,0,31616,0,06:55:00,07:20:00,1500.0,"['PDX', 'RHA']","['RHA', 'PDX']",True,0.0
R/12/6,31616,0,31417,0,09:10:00,09:34:00,1440.0,"['KGK', 'SDAH']","['SDAH', 'KGK']",True,0.0
R/12/6,31417,0,31424,0,10:34:00,10:47:00,780.0,"['KNR', 'NH']","['NH', 'KNR']",True,0.0
R/12/6,31424,0,33523,0,11:52:00,12:15:00,1380.0,"['KGK', 'SDAH']","['SDAH', 'KGK']",True,0.0
R/12/6,33523,0,33530,0,14:23:00,14:54:00,1860.0,"['TKF', 'HNB']","['HNB', 'TKF']",True,0.0
R/12/6,33530,0,33843,0,16:57:00,17:10:00,780.0,"['KGK', 'SDAH']","['SDAH', 'KGK']",True,0.0
R/12/6,33843,0,33854,0,19:07:00,20:40:00,5580.0,"['BNAA', 'BNJ']","['BNJ', 'BNAA']",True,0.0
R/12/6,33854,0,33861,0,22:40:00,22:58:00,1080.0,"['KGK', 'SDAH']","['SDAH', 'KGK']",True,0.0
R/12/7,33740,0,31773,0,09:15:00,09:22:00,420.0,"['CPHT', 'RHA']","['RHA', 'KLNP']",False,0.0
R/12/7,31773,0,31774,0,12:38:00,14:00:00,4920.0,"['KRP', 'LGL']","['LGL', 'KRP']",True,0.0
R/12/7,31774,0,31759,0,17:12:00,17:25:00,780.0,"['KLNP', 'RHA']","['RHA', 'BNKA']",False,0.0
R/12/7,31759,0,31760,0,18:22:00,19:12:00,3000.0,"['HRSR', 'GEDE']","['GEDE', 'HRSR']",True,0.0
R/12/8,31765,0,31770,0,08:00:00,12:20:00,15600.0,"['KRP', 'LGL']","['LGL', 'KRP']",True,0.0
R/12/8,31770,0,31771,0,15:35:00,17:05:00,5400.0,"['KLNP', 'RHA']","['RHA', 'KLNP']",True,0.0
R/12/9,31776,0,31768,0,07:28:00,09:00:00,5520.0,"['MBB', 'CSZ']","['LGL', 'KRP']",False,37.440000000000005
R/12/9,31768,0,31769,0,12:05:00,13:15:00,4200.0,"['KLNP', 'RHA']","['RHA', 'KLNP']",True,0.0
R/12/9,31769,0,31772,0,16:20:00,19:40:00,12000.0,"['KRP', 'LGL']","['LGL', 'KRP']",True,0.0
R/9/1,31785,0,31788,0,06:13:00,06:44:00,1860.0,"['BTKB', 'STB']","['STB', 'BTKB']",True,0.0
S/12/1,34814,0,34821,0,06:20:00,06:52:00,1920.0,"['GURN', 'DH']","['DH', 'GURN']",True,0.0
S/12/1,34821,0,34624,0,08:30:00,08:50:00,1200.0,"['PQS', 'SDAH']","['SDAH', 'PQS']",True,0.0
S/12/1,34624,0,34625,0,09:34:00,09:50:00,960.0,"['MAK', 'BRP']","['BRP', 'MAK']",True,0.0
S/12/1,34625,0,34528,0,10:40:00,13:40:00,10800.0,"['PQS', 'SDAH']","['SDAH', 'PQS']",True,0.0
S/12/1,34528,0,34537,0,14:55:00,15:08:00,780.0,"['MATL', 'CG']","['CG', 'MATL']",True,0.0
S/12/1,34537,0,34844,0,16:20:00,16:50:00,1800.0,"['PQS', 'SDAH']","['SDAH', 'PQS']",True,0.0
S/12/1,34844,0,34861,0,18:18:00,18:32:00,840.0,"['GURN', 'DH']","['DH', 'GURN']",True,0.0
S/12/1,34861,0,34648,0,20:10:00,20:40:00,1800.0,"['PQS', 'SDAH']","['SDAH', 'PQS']",True,0.0
S/12/1,34648,0,34313,0,21:24:00,22:00:00,2160.0,"['MAK', 'BRP']","['BRP', 'MAK']",True,0.0
S/12/10,34513,0,34818,0,05:47:00,06:24:00,2220.0,"['PQS', 'SDAH']","['SDAH', 'PQS']",True,0.0
S/12/10,34818,0,34825,0,08:03:00,08:25:00,1320.0,"['GURN', 'DH']","['DH', 'GURN']",True,0.0
S/12/10,34825,0,34830,0,10:09:00,10:38:00,1740.0,"['PQS', 'SDAH']","['SDAH', 'PQS']",True,0.0
S/12/10,34830,0,34837,0,12:16:00,12:50:00,2040.0,"['GURN', 'DH']","['DH', 'GURN']",True,0.0
S/12/10,34837,0,34636,0,14:28:00,15:02:00,2040.0,"['PQS', 'SDAH']","['SDAH', 'PQS']",True,0.0
S/12/10,34636,0,34637,0,15:46:00,16:02:00,960.0,"['MAK', 'BRP']","['BRP', 'MAK']",True,0.0
S/12/10,34637,0,34538,0,16:50:00,17:14:00,1440.0,"['PQS', 'SDAH']","['SDAH', 'PQS']",True,0.0
S/12/10,34538,0,34547,0,18:25:00,18:45:00,1200.0,"['MATL', 'CG']","['CG', 'MATL']",True,0.0
S/12/10,34547,0,34160,0,20:02:00,20:35:00,1980.0,"['PQS', 'SDAH']","['SDAH', 'PQS']",True,0.0
S/12/10,34160,0,34159,0,21:27:00,21:40:00,780.0,"['NAI', 'KBGB']","['KBGB', 'NAI']",True,0.0
S/12/10,34159,0,34166,0,22:35:00,23:10:00,2100.0,"['PQS', 'SDAH']","['SDAH', 'PQS']",True,0.0
S/12/10,34166,0,34165,1,23:58:00,00:05:00,420.0,"['NAI', 'KBGB']","['KBGB', 'NAI']",True,0.0
S/12/11,34714,0,34721,0,06:10:00,06:30:00,1200.0,"['MDBP', 'LKPR']","['LKPR', 'MDBP']",True,0.0
S/12/11,34721,0,34518,0,08:15:00,08:28:00,780.0,"['PQS', 'SDAH']","['SDAH', 'PQS']",True,0.0
S/12/11,34518,0,34527,0,09:44:00,10:05:00,1260.0,"['MATL', 'CG']","['CG', 'MATL']",True,0.0
S/12/11,34527,0,34650,0,11:20:00,12:02:00,2520.0,"['PQS', 'SDAH']","['SDAH', 'PQS']",True,0.0
S/12/11,34650,0,34649,0,12:48:00,13:00:00,720.0,"['MAK', 'BRP']","['BRP', 'MAK']",True,0.0
S/12/11,34649,0,34168,0,13:47:00,14:30:00,2580.0,"['PQS', 'SDAH']","['SDAH', 'PQS']",True,0.0
S/12/11,34168,0,34167,0,15:20:00,15:33:00,780.0,"['NAI', 'KBGB']","['KBGB', 'NAI']",True,0.0
S/12/11,34167,0,34738,0,16:25:00,16:50:00,1500.0,"['PQS', 'SDAH']","['SDAH', 'PQS']",True,0.0
S/12/11,34738,0,34930,0,18:30:00,18:32:00,120.0,"['MDBP', 'LKPR']","['LKPR', 'URP']",False,0.0
S/12/11,34930,0,34929,0,19:30:00,19:45:00,900.0,"['UKLR', 'NMKA']","['NMKA', 'UKLR']",True,0.0
S/12/11,34929,0,34753,0,20:42:00,20:48:00,360.0,"['URP', 'LKPR']","['LKPR', 'MDBP']",False,0.0
S/12/11,34753,0,34858,0,22:28:00,22:45:00,1020.0,"['PQS', 'SDAH']","['SDAH', 'PQS']",True,0.0
S/12/12,34811,0,34612,0,04:45:00,05:05:00,1200.0,"['PQS', 'SDAH']","['SDAH', 'PQS']",True,0.0
S/12/12,34612,0,34611,0,05:47:00,06:13:00,1560.0,"['MAK', 'BRP']","['BRP', 'MAK']",True,0.0
S/12/12,34611,0,34822,0,07:00:00,07:25:00,1500.0,"['PQS', 'SDAH']","['SDAH', 'PQS']",True,0.0
S/12/12,34822,0,34829,0,09:00:00,09:37:00,2220.0,"['GURN', 'DH']","['DH', 'GURN']",True,0.0
S/12/12,34829,0,34136,0,11:08:00,11:56:00,2880.0,"['PQS', 'SDAH']","['SDAH', 'PQS']",True,0.0
S/12/12,34136,0,34137,0,12:48:00,13:30:00,2520.0,"['NAI', 'KBGB']","['KBGB', 'NAI']",True,0.0
S/12/12,34137,0,34840,0,14:18:00,14:55:00,2220.0,"['PQS', 'SDAH']","['SDAH', 'PQS']",True,0.0
S/12/12,34840,0,34847,0,16:34:00,16:53:00,1140.0,"['GURN', 'DH']","['DH', 'GURN']",True,0.0
S/12/12,34847,0,34542,0,18:25:00,18:38:00,780.0,"['PQS', 'SDAH']","['SDAH', 'PQS']",True,0.0
S/12/12,34542,0,34551,0,19:52:00,20:05:00,780.0,"['MATL', 'CG']","['CG', 'MATL']",True,0.0
S/12/12,34551,0,34750,0,21:20:00,21:45:00,1500.0,"['PQS', 'SDAH']","['SDAH', 'PQS']",True,0.0
S/12/12,34750,0,34936,0,23:25:00,23:47:00,1320.0,"['MDBP', 'LKPR']","['LKPR', 'URP']",False,0.0
S/12/13,34935,0,34715,0,04:06:00,04:15:00,540.0,"['URP', 'LKPR']","['LKPR', 'MDBP']",False,0.0
S/12/13,34715,0,34514,0,05:58:00,06:30:00,1920.0,"['PQS', 'SDAH']","['SDAH', 'PQS']",True,0.0
S/12/13,34514,0,34523,0,07:44:00,08:15:00,1860.0,"['MATL', 'CG']","['CG', 'MATL']",True,0.0
S/12/13,34523,0,34420,0,09:32:00,09:50:00,1080.0,"['PQS', 'SDAH']","['SDAH', 'PQS']",True,0.0
S/12/13,34362,0,34541,0,15:38:00,16:14:00,2160.0,"['MATL', 'CG']","['CG', 'MATL']",True,0.0
S/12/13,34541,0,34154,0,17:28:00,17:45:00,1020.0,"['PQS', 'SDAH']","['SDAH', 'PQS']",True,0.0
S/12/13,34154,0,34151,0,18:39:00,19:00:00,1260.0,"['NAI', 'KBGB']","['KBGB', 'NAI']",True,0.0
S/12/13,34151,0,34782,0,19:55:00,20:30:00,2100.0,"['PQS', 'SDAH']","['SDAH', 'PQS']",True,0.0
S/12/13,34782,0,34938,0,22:56:00,22:57:00,60.0,"['KHGR', 'KWDP']","['KWDP', 'UKLR']",False,0.0
S/12/14,34937,0,34981,0,04:51:00,04:56:00,300.0,"['UKLR', 'KWDP']","['KWDP', 'KHGR']",False,0.0
S/12/14,34981,0,34719,0,05:42:00,05:44:00,120.0,"['URP', 'LKPR']","['LKPR', 'MDBP']",False,0.0
S/12/14,34719,0,34824,0,07:23:00,07:50:00,1620.0,"['PQS', 'SDAH']","['SDAH', 'PQS']",True,0.0
S/12/14,34824,0,34831,0,09:30:00,10:08:00,2280.0,"['GURN', 'DH']","['DH', 'GURN']",True,0.0
S/12/14,34831,0,34632,0,11:45:00,12:25:00,2400.0,"['PQS', 'SDAH']","['SDAH', 'PQS']",True,0.0
S/12/14,34632,0,34633,0,13:08:00,13:23:00,900.0,"['MAK', 'BRP']","['BRP', 'MAK']",True,0.0
S/12/14,34633,0,34532,0,14:10:00,14:48:00,2280.0,"['PQS', 'SDAH']","['SDAH', 'PQS']",True,0.0
S/12/14,34532,0,34357,0,16:04:00,16:45:00,2460.0,"['MATL', 'CG']","['CG', 'MATL']",True,0.0
S/12/14,34357,0,34427,0,17:27:00,17:40:00,780.0,"['BDYP', 'SPR']","['SPR', 'NRPR']",False,0.0
S/12/14,34427,0,34434,0,18:18:00,18:30:00,720.0,"['PQS', 'SDAH']","['SDAH', 'PQS']",True,0.0
S/12/14,34434,0,34431,0,19:00:00,19:17:00,1020.0,"['NRPR', 'SPR']","['SPR', 'NRPR']",True,0.0
S/12/14,34431,0,34852,0,19:50:00,20:20:00,1800.0,"['PQS', 'SDAH']","['SDAH', 'PQS']",True,0.0
S/12/14,34852,0,34859,0,21:57:00,22:15:00,1080.0,"['GURN', 'DH']","['DH', 'GURN']",True,0.0
S/12/15,34412,0,34352,0,04:42:00,04:50:00,480.0,"['NRPR', 'SPR']","['SPR', 'BDYP']",False,0.0
S/12/15,34352,0,34517,0,05:32:00,06:00:00,1680.0,"['MATL', 'CG']","['CG', 'MATL']",True,0.0
S/12/15,34517,0,34516,0,07:17:00,07:42:00,1500.0,"['PQS', 'SDAH']","['SDAH', 'PQS']",True,0.0
S/12/15,34516,0,34525,0,08:56:00,09:08:00,720.0,"['MATL', 'CG']","['CG', 'MATL']",True,0.0
S/12/15,34525,0,34426,0,10:24:00,10:55:00,1860.0,"['PQS', 'SDAH']","['SDAH', 'PQS']",True,0.0
S/12/15,34423,0,34152,0,16:37:00,16:56:00,1140.0,"['PQS', 'SDAH']","['SDAH', 'PQS']",True,0.0
S/12/15,34152,0,34149,0,17:57:00,18:13:00,960.0,"['NAI', 'KBGB']","['KBGB', 'NAI']",True,0.0
S/12/15,34149,0,34644,0,19:03:00,19:24:00,1260.0,"['PQS', 'SDAH']","['SDAH', 'PQS']",True,0.0
S/12/15,34644,0,34647,0,20:10:00,20:25:00,900.0,"['MAK', 'BRP']","['BRP', 'MAK']",True,0.0
S/12/15,34647,0,34550,0,21:12:00,21:36:00,1440.0,"['PQS', 'SDAH']","['SDAH', 'PQS']",True,0.0
S/12/16,34511,0,34816,0,05:05:00,05:25:00,1200.0,"['PQS', 'SDAH']","['SDAH', 'PQS']",True,0.0
S/12/16,34816,0,34823,0,07:00:00,07:42:00,2520.0,"['GURN', 'DH']","['DH', 'GURN']",True,0.0
S/12/16,34823,0,34128,0,09:25:00,09:45:00,1200.0,"['PQS', 'SDAH']","['SDAH', 'PQS']",True,0.0
S/12/16,34128,0,34127,0,10:37:00,10:55:00,1080.0,"['NAI', 'KBGB']","['KBGB', 'NAI']",True,0.0
S/12/16,34127,0,34834,0,11:50:00,12:35:00,2700.0,"['PQS', 'SDAH']","['SDAH', 'PQS']",True,0.0
S/12/16,34834,0,34841,0,14:14:00,14:50:00,2160.0,"['GURN', 'DH']","['DH', 'GURN']",True,0.0
S/12/16,34841,0,34640,0,16:30:00,17:02:00,1920.0,"['PQS', 'SDAH']","['SDAH', 'PQS']",True,0.0
S/12/16,34640,0,34641,0,17:42:00,17:58:00,960.0,"['MAK', 'BRP']","['BRP', 'MAK']",True,0.0
S/12/16,34641,0,34898,0,18:44:00,19:05:00,1260.0,"['PQS', 'SDAH']","['SDAH', 'PQS']",True,0.0
S/12/16,34898,0,34899,0,20:10:00,21:00:00,3000.0,"['UTN', 'MGT']","['MGT', 'UTN']",True,0.0
S/12/16,34899,0,34436,0,22:10:00,22:27:00,1020.0,"['PQS', 'SDAH']","['SDAH', 'PQS']",True,0.0
S/12/17,34411,0,34116,0,05:12:00,05:32:00,1200.0,"['PQS', 'SDAH']","['SDAH', 'PQS']",True,0.0
S/12/17,34116,0,34115,0,06:23:00,06:35:00,720.0,"['NAI', 'KBGB']","['KBGB', 'NAI']",True,0.0
S/12/17,34115,0,34622,0,07:29:00,08:00:00,1860.0,"['PQS', 'SDAH']","['SDAH', 'PQS']",True,0.0
S/12/17,34622,0,34621,0,08:44:00,08:58:00,840.0,"['MAK', 'BRP']","['BRP', 'MAK']",True,0.0
S/12/17,34621,0,34628,0,09:43:00,10:12:00,1740.0,"['PQS', 'SDAH']","['SDAH', 'PQS']",True,0.0
S/12/17,34628,0,34629,0,10:56:00,11:08:00,720.0,"['MAK', 'BRP']","['BRP', 'MAK']",True,0.0
S/12/17,34629,0,34730,0,11:55:00,12:50:00,3300.0,"['PQS', 'SDAH']","['SDAH', 'PQS']",True,0.0
S/12/17,34730,0,34739,0,14:30:00,15:18:00,2880.0,"['MDBP', 'LKPR']","['LKPR', 'MDBP']",True,0.0
S/12/17,34739,0,30416,0,16:57:00,17:08:00,660.0,"['PQS', 'SDAH']","['SDAH', 'PQS']",True,0.0
S/12/17,30416,0,30451,0,18:10:00,18:22:00,720.0,"['EDG', 'BBDB']","['BBDB', 'EDG']",True,0.0
S/12/17,30451,0,34645,0,19:53:00,20:07:00,840.0,"['MAK', 'BRP']","['BRP', 'MAK']",True,0.0
S/12/17,34645,0,34162,0,20:55:00,21:15:00,1200.0,"['PQS', 'SDAH']","['SDAH', 'PQS']",True,0.0
S/12/17,34162,0,34161,0,22:07:00,22:18:00,660.0,"['NAI', 'KBGB']","['KBGB', 'NAI']",True,0.0
S/12/17,34161,0,34860,0,23:08:00,23:52:00,2640.0,"['PQS', 'SDAH']","['SDAH', 'PQS']",True,0.0
S/12/18,34813,0,34718,0,05:35:00,05:55:00,1200.0,"['PQS', 'SDAH']","['SDAH', 'PQS']",True,0.0
S/12/18,34718,0,34725,0,07:33:00,07:55:00,1320.0,"['MDBP', 'LKPR']","['LKPR', 'MDBP']",True,0.0
S/12/18,34725,0,34828,0,09:37:00,09:57:00,1200.0,"['PQS', 'SDAH']","['SDAH', 'PQS']",True,0.0
S/12/18,34828,0,34835,0,11:34:00,11:55:00,1260.0,"['GURN', 'DH']","['DH', 'GURN']",True,0.0
S/12/18,34835,0,34732,0,13:38:00,14:20:00,2520.0,"['PQS', 'SDAH']","['SDAH', 'PQS']",True,0.0
S/12/18,34732,0,34928,0,16:00:00,16:06:00,360.0,"['MDBP', 'LKPR']","['LKPR', 'URP']",False,0.0
S/12/18,34928,0,34927,0,17:08:00,17:32:00,1440.0,"['UKLR', 'NMKA']","['NMKA', 'UKLR']",True,0.0
S/12/18,34927,0,34747,0,18:30:00,18:38:00,480.0,"['URP', 'LKPR']","['LKPR', 'MDBP']",False,0.0
S/12/18,34747,0,34548,0,20:17:00,20:48:00,1860.0,"['PQS', 'SDAH']","['SDAH', 'PQS']",True,0.0
S/12/18,34548,0,34557,0,22:02:00,22:20:00,1080.0,"['MATL', 'CG']","['CG', 'MATL']",True,0.0
S/12/19,34114,0,34113,0,05:28:00,05:45:00,1020.0,"['NAI', 'KBGB']","['KBGB', 'NAI']",True,0.0
S/12/19,34113,0,34720,0,06:41:00,07:14:00,1980.0,"['PQS', 'SDAH']","['SDAH', 'PQS']",True,0.0
S/12/19,34720,0,34920,0,08:56:00,09:10:00,840.0,"['MDBP', 'LKPR']","['LKPR', 'URP']",False,0.0
S/12/19,34920,0,34919,0,10:08:00,10:20:00,720.0,"['UKLR', 'NMKA']","['NMKA', 'UKLR']",True,0.0
S/12/19,34919,0,34733,0,11:18:00,11:27:00,540.0,"['URP', 'LKPR']","['LKPR', 'MDBP']",False,0.0
S/12/19,34733,0,34736,0,13:17:00,15:50:00,9180.0,"['PQS', 'SDAH']","['SDAH', 'PQS']",True,0.0
S/12/19,34736,0,34745,0,17:34:00,18:05:00,1860.0,"['MDBP', 'LKPR']","['LKPR', 'MDBP']",True,0.0
S/12/19,34745,0,34546,0,19:44:00,20:10:00,1560.0,"['PQS', 'SDAH']","['SDAH', 'PQS']",True,0.0
S/12/19,34546,0,34555,0,21:25:00,21:35:00,600.0,"['MATL', 'CG']","['CG', 'MATL']",True,0.0
S/12/19,34555,0,34554,0,22:50:00,23:18:00,1680.0,"['PQS', 'SDAH']","['SDAH', 'PQS']",True,0.0
S/12/2,34356,0,34519,0,06:38:00,06:50:00,720.0,"['MATL', 'CG']","['CG', 'MATL']",True,0.0
S/12/2,34519,0,34124,0,08:07:00,08:35:00,1680.0,"['PQS', 'SDAH']","['SDAH', 'PQS']",True,0.0
S/12/2,34124,0,34123,0,09:27:00,09:37:00,600.0,"['NAI', 'KBGB']","['KBGB', 'NAI']",True,0.0
S/12/2,34123,0,34428,0,10:35:00,11:08:00,1980.0,"['PQS', 'SDAH']","['SDAH', 'PQS']",True,0.0
S/12/20,34515,0,34618,0,06:35:00,07:08:00,1980.0,"['PQS', 'SDAH']","['SDAH', 'PQS']",True,0.0
S/12/20,34618,0,34617,0,07:50:00,07:58:00,480.0,"['MAK', 'BRP']","['BRP', 'MAK']",True,0.0
S/12/20,34617,0,30412,0,08:45:00,09:04:00,1140.0,"['PQS', 'SDAH']","['SDAH', 'PQS']",True,0.0
S/12/20,30412,0,30411,0,10:05:00,10:52:00,2820.0,"['EDG', 'BBDB']","['BBDB', 'EDG']",True,0.0
S/12/20,34642,0,34643,0,18:25:00,18:42:00,1020.0,"['MAK', 'BRP']","['BRP', 'MAK']",True,0.0
S/12/20,34643,0,34850,0,19:30:00,19:45:00,900.0,"['PQS', 'SDAH']","['SDAH', 'PQS']",True,0.0
S/12/20,34850,0,34857,0,21:19:00,21:40:00,1260.0,"['GURN', 'DH']","['DH', 'GURN']",True,0.0
S/12/21,34112,0,34111,0,04:36:00,04:45:00,540.0,"['NAI', 'KBGB']","['KBGB', 'NAI']",True,0.0
S/12/21,34111,0,34614,0,05:42:00,06:02:00,1200.0,"['PQS', 'SDAH']","['SDAH', 'PQS']",True,0.0
S/12/21,34614,0,34613,0,06:45:00,06:58:00,780.0,"['MAK', 'BRP']","['BRP', 'MAK']",True,0.0
S/12/21,34613,0,34722,0,07:45:00,08:15:00,1800.0,"['PQS', 'SDAH']","['SDAH', 'PQS']",True,0.0
S/12/21,34722,0,34731,0,09:57:00,10:30:00,1980.0,"['MDBP', 'LKPR']","['LKPR', 'MDBP']",True,0.0
S/12/21,34731,0,34792,0,12:15:00,13:20:00,3900.0,"['PQS', 'SDAH']","['SDAH', 'PQS']",True,0.0
S/12/21,34792,0,34793,0,16:02:00,16:33:00,1860.0,"['UKLR', 'NMKA']","['NMKA', 'UKLR']",True,0.0
S/12/21,34793,0,34746,0,19:18:00,19:36:00,1080.0,"['PQS', 'SDAH']","['SDAH', 'PQS']",True,0.0
S/12/21,34746,0,34755,0,21:12:00,21:45:00,1980.0,"['MDBP', 'LKPR']","['LKPR', 'MDBP']",True,0.0
S/12/22,34812,0,34819,0,05:20:00,05:52:00,1920.0,"['GURN', 'DH']","['DH', 'GURN']",True,0.0
S/12/22,34819,0,34122,0,07:36:00,08:10:00,2040.0,"['PQS', 'SDAH']","['SDAH', 'PQS']",True,0.0
S/12/22,34122,0,34121,0,09:00:00,09:06:00,360.0,"['NAI', 'KBGB']","['KBGB', 'NAI']",True,0.0
S/12/22,34121,0,34756,0,10:01:00,10:30:00,1740.0,"['PQS', 'SDAH']","['SDAH', 'PQS']",True,0.0
S/12/22,34756,0,34333,0,12:10:00,12:20:00,600.0,"['MDBP', 'LKPR']","['LKPR', 'MDBP']",True,0.0
S/12/22,34425,0,34540,0,17:38:00,17:52:00,840.0,"['PQS', 'SDAH']","['SDAH', 'PQS']",True,0.0
S/12/22,34540,0,34549,0,19:07:00,19:20:00,780.0,"['MATL', 'CG']","['CG', 'MATL']",True,0.0
S/12/22,34549,0,34748,0,20:34:00,21:00:00,1560.0,"['PQS', 'SDAH']","['SDAH', 'PQS']",True,0.0
S/12/23,34711,0,34716,0,04:50:00,05:16:00,1560.0,"['PQS', 'SDAH']","['SDAH', 'PQS']",True,0.0
S/12/23,34716,0,34918,0,06:55:00,07:01:00,360.0,"['MDBP', 'LKPR']","['LKPR', 'URP']",False,0.0
S/12/23,34918,0,34917,0,08:00:00,08:12:00,720.0,"['UKLR', 'NMKA']","['NMKA', 'UKLR']",True,0.0
S/12/23,34917,0,34729,0,09:08:00,09:26:00,1080.0,"['URP', 'LKPR']","['LKPR', 'MDBP']",False,0.0
S/12/23,34729,0,34728,0,11:03:00,11:50:00,2820.0,"['PQS', 'SDAH']","['SDAH', 'PQS']",True,0.0
S/12/23,34728,0,34926,0,13:30:00,13:32:00,120.0,"['MDBP', 'LKPR']","['LKPR', 'URP']",False,0.0
S/12/23,34926,0,34925,0,14:34:00,15:00:00,1560.0,"['UKLR', 'NMKA']","['NMKA', 'UKLR']",True,0.0
S/12/23,34925,0,34741,0,16:00:00,16:23:00,1380.0,"['URP', 'LKPR']","['LKPR', 'MDBP']",False,0.0
S/12/23,34741,0,34156,0,18:04:00,18:25:00,1260.0,"['PQS', 'SDAH']","['SDAH', 'PQS']",True,0.0
S/12/23,34156,0,34153,0,19:17:00,19:28:00,660.0,"['NAI', 'KBGB']","['KBGB', 'NAI']",True,0.0
S/12/23,34153,0,34438,0,20:22:00,20:54:00,1920.0,"['PQS', 'SDAH']","['SDAH', 'PQS']",True,0.0
S/12/24,34882,0,34891,0,05:55:00,06:13:00,1080.0,"['GURN', 'DH']","['DH', 'GURN']",True,0.0
S/12/24,34891,0,34332,0,07:05:00,07:15:00,600.0,"['KYP', 'BRP']","['BRP', 'SSRD']",False,0.0
S/12/24,34332,0,34331,0,08:10:00,08:20:00,600.0,"['MDBP', 'LKPR']","['LKPR', 'MDBP']",True,0.0
S/12/24,34331,0,34892,0,09:12:00,09:22:00,600.0,"['SSRD', 'BRP']","['BRP', 'KYP']",False,0.0
S/12/24,34892,0,34881,0,10:15:00,10:45:00,1800.0,"['GURN', 'DH']","['DH', 'GURN']",True,0.0
S/12/25,34354,0,34353,0,06:12:00,07:55:00,6180.0,"['MATL', 'CG']","['CG', 'MATL']",True,0.0
S/12/25,34623,0,34424,0,10:14:00,10:45:00,1860.0,"['PQS', 'SDAH']","['SDAH', 'PQS']",True,0.0
S/12/25,34884,0,34851,0,19:00:00,19:10:00,600.0,"['GURN', 'DH']","['DH', 'GURN']",True,0.0
S/12/25,34851,0,34854,0,20:48:00,21:10:00,1320.0,"['PQS', 'SDAH']","['SDAH', 'PQS']",True,0.0
S/12/26,34817,0,34620,0,07:08:00,07:30:00,1320.0,"['PQS', 'SDAH']","['SDAH', 'PQS']",True,0.0
S/12/26,34620,0,34619,0,08:14:00,08:22:00,480.0,"['MAK', 'BRP']","['BRP', 'MAK']",True,0.0
S/12/26,34619,0,34724,0,09:08:00,09:16:00,480.0,"['PQS', 'SDAH']","['SDAH', 'PQS']",True,0.0
S/12/26,34724,0,34922,0,10:58:00,11:20:00,1320.0,"['MDBP', 'LKPR']","['LKPR', 'URP']",False,0.0
S/12/26,34922,0,34921,0,12:18:00,12:28:00,600.0,"['UKLR', 'NMKA']","['NMKA', 'UKLR']",True,0.0
S/12/26,34921,0,34737,0,13:30:00,13:58:00,1680.0,"['URP', 'LKPR']","['LKPR', 'MDBP']",False,0.0
S/12/26,34737,0,34638,0,15:37:00,16:18:00,2460.0,"['PQS', 'SDAH']","['SDAH', 'PQS']",True,0.0
S/12/26,34638,0,34639,0,17:02:00,17:10:00,480.0,"['MAK', 'BRP']","['BRP', 'MAK']",True,0.0
S/12/26,34639,0,34502,0,17:57:00,18:20:00,1380.0,"['PQS', 'SDAH']","['SDAH', 'PQS']",True,0.0
S/12/26,34502,0,34355,0,19:35:00,21:55:00,8400.0,"['MATL', 'CG']","['CG', 'MATL']",True,0.0
S/12/27,34360,0,34501,0,08:02:00,08:33:00,1860.0,"['MATL', 'CG']","['CG', 'MATL']",True,0.0
S/12/27,34501,0,34130,0,09:48:00,10:18:00,1800.0,"['PQS', 'SDAH']","['SDAH', 'PQS']",True,0.0
S/12/27,34130,0,34129,0,11:10:00,11:33:00,1380.0,"['NAI', 'KBGB']","['KBGB', 'NAI']",True,0.0
S/12/27,34129,0,34836,0,12:30:00,13:26:00,3360.0,"['PQS', 'SDAH']","['SDAH', 'PQS']",True,0.0
S/12/27,34836,0,34843,0,15:04:00,15:40:00,2160.0,"['GURN', 'DH']","['DH', 'GURN']",True,0.0
S/12/27,34843,0,34602,0,17:18:00,17:35:00,1020.0,"['PQS', 'SDAH']","['SDAH', 'PQS']",True,0.0
S/12/27,34602,0,34334,0,18:16:00,18:35:00,1140.0,"['MAK', 'BRP']","['BRP', 'SSRD']",False,0.0
S/12/27,34334,0,34749,0,19:30:00,19:45:00,900.0,"['MDBP', 'LKPR']","['LKPR', 'MDBP']",True,0.0
S/12/27,34749,0,34856,0,21:28:00,21:55:00,1620.0,"['PQS', 'SDAH']","['SDAH', 'PQS']",True,0.0
S/12/28,34815,0,34616,0,06:14:00,06:40:00,1560.0,"['PQS', 'SDAH']","['SDAH', 'PQS']",True,0.0
S/12/28,34616,0,34615,0,07:24:00,07:35:00,660.0,"['MAK', 'BRP']","['BRP', 'MAK']",True,0.0
S/12/28,34615,0,34416,0,08:22:00,08:40:00,1080.0,"['PQS', 'SDAH']","['SDAH', 'PQS']",True,0.0
S/12/28,34416,0,34417,0,09:12:00,09:22:00,600.0,"['NRPR', 'SPR']","['SPR', 'NRPR']",True,0.0
S/12/28,34417,0,34522,0,09:54:00,10:24:00,1800.0,"['PQS', 'SDAH']","['SDAH', 'PQS']",True,0.0
S/12/28,34522,0,34531,0,11:40:00,12:05:00,1500.0,"['MATL', 'CG']","['CG', 'MATL']",True,0.0
S/12/28,34531,0,34530,0,13:26:00,14:02:00,2160.0,"['PQS', 'SDAH']","['SDAH', 'PQS']",True,0.0
S/12/28,34530,0,34539,0,15:15:00,15:45:00,1800.0,"['MATL', 'CG']","['CG', 'MATL']",True,0.0
S/12/28,34539,0,34432,0,17:02:00,17:20:00,1080.0,"['PQS', 'SDAH']","['SDAH', 'PQS']",True,0.0
S/12/28,34432,0,34429,0,17:48:00,18:04:00,960.0,"['NRPR', 'SPR']","['SPR', 'NRPR']",True,0.0
S/12/28,34429,0,34744,0,18:37:00,18:57:00,1200.0,"['PQS', 'SDAH']","['SDAH', 'PQS']",True,0.0
S/12/28,34744,0,34934,0,20:35:00,20:45:00,600.0,"['MDBP', 'LKPR']","['LKPR', 'URP']",False,0.0
S/12/28,34934,0,34933,0,21:45:00,22:10:00,1500.0,"['UKLR', 'NMKA']","['NMKA', 'UKLR']",True,0.0
S/12/29,34713,0,34512,0,05:20:00,05:45:00,1500.0,"['PQS', 'SDAH']","['SDAH', 'PQS']",True,0.0
S/12/29,34512,0,34521,0,06:57:00,07:23:00,1560.0,"['MATL', 'CG']","['CG', 'MATL']",True,0.0
S/12/29,34521,0,34826,0,08:37:00,08:57:00,1200.0,"['PQS', 'SDAH']","['SDAH', 'PQS']",True,0.0
S/12/29,34826,0,34833,0,10:34:00,11:02:00,1680.0,"['GURN', 'DH']","['DH', 'GURN']",True,0.0
S/12/29,34833,0,34652,0,12:40:00,13:47:00,4020.0,"['PQS', 'SDAH']","['SDAH', 'PQS']",True,0.0
S/12/29,34652,0,34651,0,14:30:00,14:40:00,600.0,"['MAK', 'BRP']","['BRP', 'MAK']",True,0.0
S/12/29,34651,0,34148,0,15:25:00,15:57:00,1920.0,"['PQS', 'SDAH']","['SDAH', 'PQS']",True,0.0
S/12/29,34148,0,34147,0,16:49:00,17:00:00,660.0,"['NAI', 'KBGB']","['KBGB', 'NAI']",True,0.0
S/12/29,34147,0,34742,0,17:50:00,18:15:00,1500.0,"['PQS', 'SDAH']","['SDAH', 'PQS']",True,0.0
S/12/29,34742,0,34751,0,19:58:00,20:12:00,840.0,"['MDBP', 'LKPR']","['LKPR', 'MDBP']",True,0.0
S/12/3,34415,0,34418,0,09:15:00,09:22:00,420.0,"['PQS', 'SDAH']","['SDAH', 'PQS']",True,0.0
S/12/3,34418,0,34419,0,10:00:00,10:11:00,660.0,"['NRPR', 'SPR']","['SPR', 'NRPR']",True,0.0
S/12/3,34419,0,34524,0,10:45:00,11:25:00,2400.0,"['PQS', 'SDAH']","['SDAH', 'PQS']",True,0.0
S/12/3,34524,0,34533,0,12:40:00,13:10:00,1800.0,"['MATL', 'CG']","['CG', 'MATL']",True,0.0
S/12/3,34533,0,34146,0,14:40:00,15:08:00,1680.0,"['PQS', 'SDAH']","['SDAH', 'PQS']",True,0.0
S/12/3,34146,0,34145,0,16:00:00,16:19:00,1140.0,"['NAI', 'KBGB']","['KBGB', 'NAI']",True,0.0
S/12/3,34145,0,34740,0,17:08:00,17:28:00,1200.0,"['PQS', 'SDAH']","['SDAH', 'PQS']",True,0.0
S/12/3,34740,0,34932,0,19:10:00,19:15:00,300.0,"['MDBP', 'LKPR']","['LKPR', 'URP']",False,0.0
S/12/3,34932,0,34931,0,20:20:00,20:46:00,1560.0,"['UKLR', 'NMKA']","['NMKA', 'UKLR']",True,0.0
S/12/3,34931,0,34757,0,21:48:00,22:20:00,1920.0,"['URP', 'LKPR']","['LKPR', 'MDBP']",False,0.0
S/12/4,34712,0,34916,0,05:36:00,05:55:00,1140.0,"['MDBP', 'LKPR']","['LKPR', 'URP']",False,0.0
S/12/4,34916,0,34915,0,06:57:00,07:26:00,1740.0,"['UKLR', 'NMKA']","['NMKA', 'UKLR']",True,0.0
S/12/4,34915,0,34727,0,08:31:00,08:35:00,240.0,"['URP', 'LKPR']","['LKPR', 'MDBP']",False,0.0
S/12/4,34727,0,34132,0,10:19:00,10:50:00,1860.0,"['PQS', 'SDAH']","['SDAH', 'PQS']",True,0.0
S/12/4,34132,0,34133,0,11:42:00,12:34:00,3120.0,"['NAI', 'KBGB']","['KBGB', 'NAI']",True,0.0
S/12/4,34133,0,34838,0,13:32:00,14:10:00,2280.0,"['PQS', 'SDAH']","['SDAH', 'PQS']",True,0.0
S/12/4,34838,0,34845,0,15:49:00,16:05:00,960.0,"['GURN', 'DH']","['DH', 'GURN']",True,0.0
S/12/4,34845,0,34846,0,17:45:00,18:02:00,1020.0,"['PQS', 'SDAH']","['SDAH', 'PQS']",True,0.0
S/12/4,34846,0,34853,0,19:39:00,20:07:00,1680.0,"['GURN', 'DH']","['DH', 'GURN']",True,0.0
S/12/4,34853,0,34752,0,21:44:00,22:20:00,2160.0,"['PQS', 'SDAH']","['SDAH', 'PQS']",True,0.0
S/12/5,34914,0,34913,0,05:15:00,05:55:00,2400.0,"['UKLR', 'NMKA']","['NMKA', 'UKLR']",True,0.0
S/12/5,34913,0,34723,0,06:55:00,07:10:00,900.0,"['URP', 'LKPR']","['LKPR', 'MDBP']",False,0.0
S/12/5,34723,0,34520,0,08:52:00,09:10:00,1080.0,"['PQS', 'SDAH']","['SDAH', 'PQS']",True,0.0
S/12/5,34520,0,34529,0,10:25:00,10:50:00,1500.0,"['MATL', 'CG']","['CG', 'MATL']",True,0.0
S/12/5,34529,0,34140,0,12:05:00,13:15:00,4200.0,"['PQS', 'SDAH']","['SDAH', 'PQS']",True,0.0
S/12/5,34140,0,34141,0,14:10:00,14:48:00,2280.0,"['NAI', 'KBGB']","['KBGB', 'NAI']",True,0.0
S/12/5,34141,0,34536,0,15:42:00,16:35:00,3180.0,"['PQS', 'SDAH']","['SDAH', 'PQS']",True,0.0
S/12/5,34536,0,34545,0,17:50:00,18:18:00,1680.0,"['MATL', 'CG']","['CG', 'MATL']",True,0.0
S/12/5,34545,0,34646,0,19:35:00,20:00:00,1500.0,"['PQS', 'SDAH']","['SDAH', 'PQS']",True,0.0
S/12/5,34646,0,34311,0,20:44:00,21:15:00,1860.0,"['MAK', 'BRP']","['BRP', 'MAK']",True,0.0
S/12/6,34392,0,30511,0,07:55:00,08:08:00,780.0,"['KLKR', 'CHT']","['CHT', 'KLKR']",True,0.0
S/12/6,30511,0,30321,0,09:15:00,09:20:00,300.0,"['NACC', 'MJT']","['MJT', 'RMRD']",False,0.0
S/12/6,30321,0,33526,0,12:31:00,13:15:00,2640.0,"['TKF', 'HNB']","['HNB', 'TKF']",True,0.0
S/12/6,33526,0,31237,0,15:18:00,16:01:00,2580.0,"['KGK', 'SDAH']","['SDAH', 'KGK']",True,0.0
S/12/6,31237,0,30112,0,16:40:00,17:20:00,2400.0,"['TGH', 'BP']","['BP', 'TGH']",True,0.0
S/12/6,30112,0,30552,0,19:19:00,19:30:00,660.0,"['RMRD', 'MJT']","['MJT', 'NACC']",False,0.0
S/12/6,30552,0,34391,0,20:44:00,20:55:00,660.0,"['GQD', 'GOF']","['GOF', 'GQD']",True,0.0
S/12/7,34413,0,34414,0,07:54:00,08:22:00,1680.0,"['PQS', 'SDAH']","['SDAH', 'PQS']",True,0.0
S/12/7,34414,0,34312,0,08:54:00,09:00:00,360.0,"['NRPR', 'SPR']","['SPR', 'SBGR']",False,0.0
S/12/7,34312,0,34601,0,09:15:00,09:42:00,1620.0,"['MAK', 'BRP']","['BRP', 'MAK']",True,0.0
S/12/7,34601,0,34726,0,10:30:00,11:02:00,1920.0,"['PQS', 'SDAH']","['SDAH', 'PQS']",True,0.0
S/12/7,34726,0,34735,0,12:42:00,13:10:00,1680.0,"['MDBP', 'LKPR']","['LKPR', 'MDBP']",True,0.0
S/12/7,34735,0,34734,0,14:50:00,15:15:00,1500.0,"['PQS', 'SDAH']","['SDAH', 'PQS']",True,0.0
S/12/7,34734,0,34743,0,16:58:00,17:10:00,720.0,"['MDBP', 'LKPR']","['LKPR', 'MDBP']",True,0.0
S/12/7,34743,0,34158,0,18:55:00,19:12:00,1020.0,"['PQS', 'SDAH']","['SDAH', 'PQS']",True,0.0
S/12/7,34158,0,34155,0,20:07:00,20:12:00,300.0,"['NAI', 'KBGB']","['KBGB', 'NAI']",True,0.0
S/12/7,34155,0,34794,0,21:08:00,21:30:00,1320.0,"['PQS', 'SDAH']","['SDAH', 'PQS']",True,0.0
S/12/8,34791,0,34120,0,06:50:00,07:20:00,1800.0,"['PQS', 'SDAH']","['SDAH', 'PQS']",True,0.0
S/12/8,34120,0,34119,0,08:12:00,08:25:00,780.0,"['NAI', 'KBGB']","['KBGB', 'NAI']",True,0.0
S/12/8,34119,0,34626,0,09:20:00,09:40:00,1200.0,"['PQS', 'SDAH']","['SDAH', 'PQS']",True,0.0
S/12/8,34626,0,34627,0,10:22:00,10:40:00,1080.0,"['MAK', 'BRP']","['BRP', 'MAK']",True,0.0
S/12/8,34627,0,34526,0,11:27:00,12:10:00,2580.0,"['PQS', 'SDAH']","['SDAH', 'PQS']",True,0.0
S/12/8,34526,0,34535,0,13:25:00,13:50:00,1500.0,"['MATL', 'CG']","['CG', 'MATL']",True,0.0
S/12/8,34535,0,34534,0,15:07:00,15:40:00,1980.0,"['PQS', 'SDAH']","['SDAH', 'PQS']",True,0.0
S/12/8,34534,0,34543,0,16:55:00,17:08:00,780.0,"['MATL', 'CG']","['CG', 'MATL']",True,0.0
S/12/8,34543,0,34848,0,18:31:00,18:45:00,840.0,"['PQS', 'SDAH']","['SDAH', 'PQS']",True,0.0
S/12/8,34848,0,34855,0,20:22:00,21:00:00,2280.0,"['GURN', 'DH']","['DH', 'GURN']",True,0.0
S/12/8,34855,0,34754,0,22:40:00,23:05:00,1500.0,"['PQS', 'SDAH']","['SDAH', 'PQS']",True,0.0
S/12/9,34717,0,34820,0,06:20:00,06:55:00,2100.0,"['PQS', 'SDAH']","['SDAH', 'PQS']",True,0.0
S/12/9,34820,0,34827,0,08:34:00,09:15:00,2460.0,"['GURN', 'DH']","['DH', 'GURN']",True,0.0
S/12/9,34842,0,34849,0,17:12:00,17:32:00,1200.0,"['GURN', 'DH']","['DH', 'GURN']",True,0.0
S/12/9,34849,0,34544,0,19:08:00,19:30:00,1320.0,"['PQS', 'SDAH']","['SDAH', 'PQS']",True,0.0
S/12/9,34544,0,34553,0,20:44:00,21:05:00,1260.0,"['MATL', 'CG']","['CG', 'MATL']",True,0.0
S/12/9,34553,0,34552,0,22:20:00,22:35:00,900.0,"['PQS', 'SDAH']","['SDAH', 'PQS']",True,0.0
